Date,JPM,GS,BAC
2019-01-02,82.40860748291016,147.66770935058594,21.290712356567383
2019-01-03,81.23746490478516,145.50454711914062,20.949520111083984
2019-01-04,84.2323226928711,150.25999450683594,21.8195743560791
2019-01-07,84.29086303710938,151.09263610839844,21.80251121520996
2019-01-08,84.13191986083984,150.53468322753906,21.759864807128906
2019-01-09,83.98970794677734,151.4788818359375,21.973114013671875
2019-01-10,83.98133850097656,151.07546997070312,21.947525024414062
2019-01-11,83.57980346679688,151.87374877929688,22.203418731689453
2019-01-14,84.44145202636719,153.41024780273438,22.493438720703125
2019-01-15,85.06049346923828,154.43174743652344,22.646976470947266
2019-01-16,85.74647521972656,169.170166015625,24.267662048339844
2019-01-17,86.09782409667969,170.8955535888672,24.728281021118164
2019-01-18,87.49485778808594,173.85693359375,24.992708206176758
2019-01-22,86.1145248413086,169.6852264404297,24.813575744628906
2019-01-23,85.89701843261719,169.01565551757812,24.6685733795166
2019-01-24,85.94722747802734,169.78819274902344,24.805049896240234
2019-01-25,86.49098205566406,172.31187438964844,25.23154640197754
2019-01-28,86.90089416503906,171.4363250732422,25.274198532104492
2019-01-29,87.14350128173828,172.10585021972656,25.06947898864746
2019-01-30,87.34428405761719,173.80548095703125,24.7965145111084
2019-01-31,86.5830078125,169.9684600830078,24.28472328186035
2019-02-01,86.90089416503906,168.7066650390625,24.20795440673828
2019-02-04,87.21041870117188,169.7195281982422,24.63445281982422
2019-02-05,86.82559967041016,169.9684600830078,24.549152374267578
2019-02-06,86.78378295898438,168.77532958984375,24.506505966186523
2019-02-07,85.64607238769531,165.7280731201172,24.08853530883789
2019-02-08,84.79278564453125,164.52633666992188,24.131183624267578
2019-02-11,84.39125061035156,164.23452758789062,24.233543395996094
2019-02-12,85.83008575439453,166.9469757080078,24.472381591796875
2019-02-13,86.2400131225586,167.11865234375,24.48090934753418
2019-02-14,85.6795425415039,165.2645263671875,24.21648597717285
2019-02-15,88.29791259765625,170.38909912109375,24.830638885498047
2019-02-19,87.9884033203125,170.53506469726562,24.847698211669922
2019-02-20,88.41507720947266,170.47491455078125,25.086536407470703
2019-02-21,88.23099517822266,168.55215454101562,24.984180450439453
2019-02-22,87.83782958984375,168.24314880371094,24.805049896240234
2019-02-25,88.75804138183594,170.5178680419922,24.967117309570312
2019-02-26,88.0804443359375,170.73245239257812,24.984180450439453
2019-02-27,87.97168731689453,170.7324676513672,25.188899993896484
2019-02-28,87.30244445800781,169.5258331298828,24.93169593811035
2019-03-01,87.36100769042969,170.81863403320312,25.12887954711914
2019-03-04,87.16024017333984,168.90530395507812,24.88882064819336
2019-03-05,87.09330749511719,168.92254638671875,24.93169593811035
2019-03-06,86.76705169677734,167.83665466308594,24.725927352905273
2019-03-07,86.13964080810547,166.13876342773438,24.477294921875
2019-03-08,86.17308807373047,168.26756286621094,24.56303596496582
2019-03-11,87.2940902709961,168.89666748046875,24.811662673950195
2019-03-12,87.03474426269531,169.4655303955078,24.811662673950195
2019-03-13,87.3275375366211,169.9998779296875,25.111736297607422
2019-03-14,88.12224578857422,170.1894989013672,25.257484436035156
2019-03-15,89.13449096679688,170.8703155517578,25.12030601501465
2019-03-18,89.66986846923828,174.4987335205078,25.566131591796875
2019-03-19,89.3436279296875,173.33518981933594,25.420381546020508
2019-03-20,87.43629455566406,167.47467041015625,24.554454803466797
2019-03-21,86.05598449707031,167.69874572753906,24.16008186340332
2019-03-22,83.45429229736328,162.85516357421875,23.156980514526367
2019-03-25,82.75997161865234,162.4672393798828,23.01123046875
2019-03-26,83.58815002441406,164.34609985351562,23.328445434570312
2019-03-27,83.30374145507812,163.7772979736328,23.174129486083984
2019-03-28,84.24903106689453,164.76846313476562,23.43132972717285
2019-03-29,84.68405151367188,165.46656799316406,23.65424346923828
2019-04-01,87.53667449951172,169.560302734375,24.468719482421875
2019-04-02,87.9549560546875,170.21533203125,24.75164794921875
2019-04-03,88.1306381225586,173.11114501953125,24.725927352905273
2019-04-04,88.98199462890625,174.29188537597656,24.991703033447266
2019-04-05,88.77127838134766,174.42117309570312,24.93169593811035
2019-04-08,89.05787658691406,174.55902099609375,25.008852005004883
2019-04-09,88.40037536621094,172.90431213378906,24.768798828125
2019-04-10,88.79654693603516,174.93824768066406,24.92311668395996
2019-04-11,89.54679107666016,174.80902099609375,24.92311668395996
2019-04-12,93.74470520019531,179.12681579589844,25.866199493408203
2019-04-15,92.67414855957031,172.2924041748047,25.583280563354492
2019-04-16,93.65196990966797,173.95574951171875,25.617568969726562
2019-04-17,96.34941864013672,179.17855834960938,25.746171951293945
2019-04-18,95.64132690429688,177.46348571777344,25.746171951293945
2019-04-22,95.75934600830078,176.33447265625,25.763317108154297
2019-04-23,95.87734985351562,175.93797302246094,25.78046989440918
2019-04-24,95.71720123291016,172.8353271484375,25.737600326538086
2019-04-25,95.76776885986328,173.57655334472656,25.789039611816406
2019-04-26,96.49271392822266,175.0244598388672,26.020523071289062
2019-04-29,97.8835678100586,178.33396911621094,26.380617141723633
2019-04-30,97.82456970214844,177.47210693359375,26.217716217041016
2019-05-01,97.0743408203125,176.44650268554688,25.943361282348633
2019-05-02,97.28508758544922,176.6705780029297,26.149124145507812
2019-05-03,97.8835678100586,178.85107421875,26.329172134399414
2019-05-06,97.01535034179688,177.91163635253906,26.1234073638916
2019-05-07,95.43058013916016,174.63661193847656,25.651866912841797
2019-05-08,94.9248275756836,173.188720703125,25.548980712890625
2019-05-09,94.84894561767578,173.77476501464844,25.47182273864746
2019-05-10,94.84052276611328,174.13670349121094,25.36036491394043
2019-05-13,92.2610855102539,168.0348358154297,24.2200984954834
2019-05-14,92.99445343017578,169.1638641357422,24.537309646606445
2019-05-15,92.64043426513672,169.26731872558594,24.254383087158203
2019-05-16,93.8289794921875,171.6287841796875,24.511592864990234
2019-05-17,93.37378692626953,170.1549835205078,24.348695755004883
2019-05-20,93.86270141601562,169.9912567138672,24.348695755004883
2019-05-21,94.18303680419922,171.60289001464844,24.597326278686523
2019-05-22,93.41593933105469,168.50888061523438,24.425859451293945
2019-05-23,91.57831573486328,165.4492950439453,23.79999351501465
2019-05-24,92.48025512695312,166.33702087402344,24.16008186340332
2019-05-28,91.4771499633789,163.26882934570312,23.92002296447754
2019-05-29,91.22427368164062,162.80133056640625,23.79142189025879
2019-05-30,90.2464370727539,162.21263122558594,23.28558349609375
2019-05-31,89.3192138671875,157.98785400390625,22.805469512939453
2019-06-03,89.74066162109375,158.59385681152344,22.87405776977539
2019-06-04,92.50553894042969,164.38565063476562,23.937166213989258
2019-06-05,92.83428192138672,163.1389617919922,23.9285945892334
2019-06-06,93.03660583496094,164.3250274658203,24.032032012939453
2019-06-07,92.01664733886719,164.3250274658203,23.730342864990234
2019-06-10,93.01132202148438,168.0563201904297,24.195812225341797
2019-06-11,93.29794311523438,168.58441162109375,24.342348098754883
2019-06-12,92.10935974121094,164.67999267578125,24.092370986938477
2019-06-13,92.33695220947266,165.7447967529297,24.083751678466797
2019-06-14,92.57300567626953,165.92662048339844,24.169952392578125
2019-06-17,92.06722259521484,165.2080535888672,24.075130462646484
2019-06-18,93.3232192993164,168.80088806152344,24.669897079467773
2019-06-19,92.64884185791016,169.37222290039062,24.41130256652832
2019-06-20,92.88489532470703,169.42417907714844,24.36820411682129
2019-06-21,92.25269317626953,169.6319580078125,24.238908767700195
2019-06-24,91.59516906738281,170.973876953125,24.118228912353516
2019-06-25,90.83650207519531,169.73585510253906,23.92859649658203
2019-06-26,91.44343566894531,170.5582733154297,24.057893753051758
2019-06-27,91.74689483642578,172.55813598632812,24.316484451293945
2019-06-28,94.24202728271484,177.1292266845703,24.997451782226562
2019-07-01,95.82677459716797,179.0857696533203,25.35948371887207
2019-07-02,95.9279556274414,178.323974609375,25.12674903869629
2019-07-03,95.77511596679688,178.37586975097656,25.040546417236328
2019-07-05,96.34391021728516,179.98614501953125,25.221567153930664
2019-07-08,95.81758880615234,178.12481689453125,25.169841766357422
2019-07-09,96.22505187988281,179.87364196777344,25.29914093017578
2019-07-10,95.94491577148438,178.31529235839844,25.01468849182129
2019-07-11,96.86175537109375,182.9729461669922,25.307762145996094
2019-07-12,97.88044738769531,185.21519470214844,25.38534164428711
2019-07-15,96.69195556640625,183.17205810546875,25.187089920043945
2019-07-16,97.72764587402344,186.58306884765625,24.988834381103516
2019-07-17,96.76835632324219,184.66110229492188,25.161231994628906
2019-07-18,97.34564208984375,185.71728515625,25.41120147705078
2019-07-19,96.3863525390625,184.85159301757812,25.342243194580078
2019-07-22,97.00606536865234,185.2671356201172,25.488779067993164
2019-07-23,98.78030395507812,189.9680938720703,26.074928283691406
2019-07-24,99.17929077148438,192.218994140625,26.43695831298828
2019-07-25,98.22850799560547,190.44419860839844,26.152507781982422
2019-07-26,98.6614761352539,192.3141632080078,26.523157119750977
2019-07-29,98.34735107421875,190.73854064941406,26.307662963867188
2019-07-30,98.12664031982422,191.67356872558594,26.626602172851562
2019-07-31,98.47467803955078,190.57411193847656,26.44557762145996
2019-08-01,95.87699127197266,183.1893768310547,25.41982078552246
2019-08-02,95.86852264404297,181.25872802734375,25.32500457763672
2019-08-05,93.01615905761719,174.60122680664062,24.20442771911621
2019-08-06,93.74622344970703,178.3498992919922,24.497501373291016
2019-08-07,91.70880126953125,178.1161651611328,24.040653228759766
2019-08-08,93.26233673095703,179.2069854736328,24.463024139404297
2019-08-09,93.16044616699219,179.12042236328125,24.419923782348633
2019-08-12,91.41165924072266,174.46279907226562,23.82516098022461
2019-08-13,92.82089233398438,176.70501708984375,23.894115447998047
2019-08-14,88.96678924560547,169.30296325683594,22.773542404174805
2019-08-15,89.3063735961914,169.83975219726562,22.62700843811035
2019-08-16,91.44563293457031,172.6447296142578,23.299348831176758
2019-08-19,92.26909637451172,175.0514678955078,23.5062255859375
2019-08-20,91.09758758544922,173.12953186035156,23.032135009765625
2019-08-21,91.35226440429688,173.73553466796875,23.213150024414062
2019-08-22,92.29456329345703,175.24192810058594,23.43726348876953
2019-08-23,90.00247192382812,169.85702514648438,22.81663703918457
2019-08-26,90.72409057617188,172.8438262939453,23.0838565826416
2019-08-27,89.76478576660156,171.47596740722656,22.81663703918457
2019-08-28,90.66463470458984,173.5104522705078,23.14419174194336
2019-08-29,92.71902465820312,177.2303466796875,23.557941436767578
2019-08-30,93.26233673095703,177.63978576660156,23.713104248046875
2019-09-03,92.15872955322266,173.3362274169922,23.31658363342285
2019-09-04,93.27081298828125,175.7406463623047,23.69586181640625
2019-09-05,95.39311981201172,180.37525939941406,24.398670196533203
2019-09-06,95.59686279296875,180.51466369628906,24.060277938842773
2019-09-09,97.96534729003906,184.67013549804688,24.84117317199707
2019-09-10,99.21321868896484,187.8499298095703,25.46588897705078
2019-09-11,99.48491668701172,188.869140625,25.56133460998535
2019-09-12,100.09612274169922,190.5592041015625,25.743545532226562
2019-09-13,102.06563568115234,191.56973266601562,26.17737579345703
2019-09-16,101.15727996826172,189.23501586914062,26.142662048339844
2019-09-17,100.65642547607422,188.0937957763672,25.97780990600586
2019-09-18,101.66663360595703,189.11306762695312,26.029869079589844
2019-09-19,101.34406280517578,187.5014190673828,25.87369155883789
2019-09-20,100.93656921386719,186.20338439941406,25.674131393432617
2019-09-23,100.9195785522461,185.95945739746094,25.613393783569336
2019-09-24,99.60375213623047,180.98509216308594,25.110151290893555
2019-09-25,100.17254638671875,182.9713897705078,25.379121780395508
2019-09-26,99.34909057617188,181.39453125,25.275005340576172
2019-09-27,99.93485260009766,182.04791259765625,25.46588897705078
2019-09-30,99.90936279296875,180.53208923339844,25.309709548950195
2019-10-01,98.09268188476562,176.57696533203125,24.676319122314453
2019-10-02,96.14018249511719,172.70899963378906,24.155719757080078
2019-10-03,96.00325775146484,171.8291015625,24.129695892333984
2019-10-04,98.08264923095703,174.93045043945312,24.615583419799805
2019-10-07,97.86872863769531,174.5819854736328,24.563518524169922
2019-10-08,95.6866226196289,171.94235229492188,23.973512649536133
2019-10-09,96.37976837158203,171.48936462402344,24.199098587036133
2019-10-10,97.73180389404297,174.1202850341797,24.684993743896484
2019-10-11,99.38334655761719,178.3105926513672,25.084117889404297
2019-10-14,99.64862060546875,179.30372619628906,25.2836856842041
2019-10-15,102.65217590332031,179.8612518310547,25.79559898376465
2019-10-16,102.41259765625,180.6975860595703,26.17737579345703
2019-10-17,102.98592376708984,179.8612518310547,26.255460739135742
2019-10-18,103.16563415527344,179.9135284423828,26.33355140686035
2019-10-21,105.72422790527344,182.2918243408203,26.914888381958008
2019-10-22,106.78533172607422,182.59677124023438,27.071067810058594
2019-10-23,107.06771087646484,184.0951690673828,27.26194953918457
2019-10-24,106.9906997680664,183.85989379882812,27.20989227294922
2019-10-25,107.846435546875,186.6302490234375,27.52225112915039
2019-10-28,108.25717163085938,189.69676208496094,27.626371383666992
2019-10-29,108.1886978149414,189.60092163085938,27.8259334564209
2019-10-30,107.58969116210938,188.0066680908203,27.435489654541016
2019-10-31,106.89656829833984,185.88973999023438,27.131799697875977
2019-11-01,109.36104583740234,189.38316345214844,27.591659545898438
2019-11-04,110.23387908935547,191.54364013671875,28.112260818481445
2019-11-05,110.47346496582031,190.47210693359375,28.47667694091797
2019-11-06,110.64463806152344,190.28045654296875,28.450653076171875
2019-11-07,111.2436294555664,194.52305603027344,28.832422256469727
2019-11-08,111.56878662109375,194.1919708251953,28.858444213867188
2019-11-11,111.1751708984375,190.81185913085938,28.789037704467773
2019-11-12,110.5248031616211,192.0140380859375,28.710948944091797
2019-11-13,109.94293975830078,191.06451416015625,28.450653076171875
2019-11-14,110.04562377929688,191.1603546142578,28.372560501098633
2019-11-15,110.84144592285156,191.87464904785156,28.572124481201172
2019-11-18,111.774169921875,191.4216766357422,28.598148345947266
2019-11-19,111.73994445800781,191.69171142578125,28.580795288085938
2019-11-20,110.927001953125,189.83615112304688,28.363880157470703
2019-11-21,111.18370819091797,190.11489868164062,28.49403190612793
2019-11-22,111.91963958740234,191.9008026123047,28.789037704467773
2019-11-25,112.51864624023438,194.05259704589844,29.04066276550293
2019-11-26,112.67269134521484,193.79124450683594,28.936540603637695
2019-11-27,113.00642395019531,194.22686767578125,28.99727439880371
2019-11-29,112.74967956542969,193.92019653320312,28.910505294799805
2019-12-02,112.50154876708984,190.66993713378906,29.005956649780273
2019-12-03,111.05537414550781,185.9391326904297,28.49403190612793
2019-12-04,113.24600219726562,189.1806182861328,28.763011932373047
2019-12-05,113.86212921142578,190.23187255859375,28.86769676208496
2019-12-06,115.55644226074219,196.77618408203125,29.373680114746094
2019-12-09,115.01737976074219,194.32318115234375,29.234100341796875
2019-12-10,115.09434509277344,194.384521484375,29.251556396484375
2019-12-11,114.82054138183594,193.78005981445312,29.34751319885254
2019-12-12,118.10652923583984,198.03778076171875,30.254812240600586
2019-12-13,117.0710678100586,197.11785888671875,30.04543685913086
2019-12-16,117.52461242675781,199.78118896484375,30.27225685119629
2019-12-17,118.243408203125,202.5057830810547,30.568876266479492
2019-12-18,118.12362670898438,201.8925323486328,30.629941940307617
2019-12-19,117.53317260742188,201.44573974609375,30.4903564453125
2019-12-20,117.4390640258789,200.56085205078125,30.49907875061035
2019-12-23,117.40479278564453,200.70108032226562,30.68228530883789
2019-12-24,117.72998809814453,201.41944885253906,30.725906372070312
2019-12-26,118.97935485839844,202.558349609375,30.98762321472168
2019-12-27,119.0649185180664,202.07652282714844,30.839323043823242
2019-12-30,118.62849426269531,201.32308959960938,30.664838790893555
2019-12-31,119.28739929199219,201.4369354248047,30.725906372070312
2020-01-02,120.7335433959961,205.28294372558594,31.092313766479492
2020-01-03,119.14030456542969,202.88247680664062,30.446744918823242
2020-01-06,119.04558563232422,204.9588165283203,30.403121948242188
2020-01-07,117.021728515625,206.30795288085938,30.202465057373047
2020-01-08,117.93462371826172,208.29664611816406,30.507808685302734
2020-01-09,118.36521911621094,212.53692626953125,30.560144424438477
2020-01-10,117.18536376953125,212.10760498046875,30.30714988708496
2020-01-13,118.15848541259766,214.82345581054688,30.586320877075195
2020-01-14,119.53645324707031,215.2176971435547,30.813148498535156
2020-01-15,117.74516296386719,214.82345581054688,30.246084213256836
2020-01-16,118.20158386230469,218.77456665039062,30.289709091186523
2020-01-17,119.01976013183594,218.54681396484375,30.28097915649414
2020-01-21,117.8485107421875,215.25271606445312,29.888402938842773
2020-01-22,117.7107162475586,216.43540954589844,29.975637435913086
2020-01-23,117.59011840820312,215.14764404296875,29.766263961791992
2020-01-24,114.67062377929688,211.941162109375,29.26027488708496
2020-01-27,113.70606231689453,208.62953186035156,28.65831756591797
2020-01-28,115.7729721069336,212.5194091796875,28.99855613708496
2020-01-29,115.60070037841797,210.36419677734375,28.797901153564453
2020-01-30,117.03034973144531,213.87728881835938,29.20793342590332
2020-01-31,113.99026489257812,208.28794860839844,28.6408748626709
2020-02-03,114.8600845336914,209.3917236328125,28.76300811767578
2020-02-04,116.51362609863281,211.95864868164062,29.33006477355957
2020-02-05,118.49441528320312,214.02622985839844,30.28097915649414
2020-02-06,118.51162719726562,211.8535614013672,30.246084213256836
2020-02-07,118.13267517089844,208.5069580078125,30.19373893737793
2020-02-10,118.62358093261719,207.9462432861328,30.263532638549805
2020-02-11,118.84749603271484,207.15777587890625,30.333324432373047
2020-02-12,118.84749603271484,209.07635498046875,30.464187622070312
2020-02-13,118.7441635131836,208.8135528564453,30.45545768737793
2020-02-14,118.38245391845703,207.70091247558594,30.403121948242188
2020-02-18,116.8150405883789,204.3104705810547,29.897119522094727
2020-02-19,118.40830993652344,207.91993713378906,30.289709091186523
2020-02-20,118.40830993652344,203.88998413085938,30.403121948242188
2020-02-21,116.96147918701172,202.0414581298828,29.975637435913086
2020-02-24,113.8180160522461,196.71487426757812,28.553632736206055
2020-02-25,108.73684692382812,190.64366149902344,27.11417007446289
2020-02-26,109.0641098022461,189.04042053222656,26.72159767150879
2020-02-27,104.5255355834961,180.2008056640625,25.412994384765625
2020-02-28,99.99553680419922,176.9659423828125,24.863380432128906
2020-03-02,104.65470123291016,184.6343994140625,25.622371673583984
2020-03-03,100.72755432128906,179.31056213378906,24.20908546447754
2020-03-04,103.21646881103516,183.99095153808594,24.76741600036621
2020-03-05,98.15252685546875,175.22068786621094,23.511926651000977
2020-03-06,93.07999420166016,169.98497009277344,22.572500228881836
2020-03-09,80.4718017578125,152.32095336914062,19.253787994384766
2020-03-10,86.7242202758789,162.4927520751953,20.728776931762695
2020-03-11,82.64207458496094,151.51004028320312,19.903491973876953
2020-03-12,75.82988739013672,132.81480407714844,18.007081985473633
2020-03-13,89.48873901367188,156.16404724121094,21.211658477783203
2020-03-16,76.09683227539062,136.32290649414062,17.94562339782715
2020-03-17,80.74742126464844,139.85743713378906,19.29768943786621
2020-03-18,72.2472152709961,123.41869354248047,18.25290870666504
2020-03-19,73.4615249633789,131.7659149169922,18.61288070678711
2020-03-20,71.9113540649414,121.99957275390625,17.26958656311035
2020-03-23,68.06172943115234,118.96744537353516,15.873623847961426
2020-03-24,76.1571273803711,135.38858032226562,18.463626861572266
2020-03-25,78.99913787841797,136.73719787597656,18.52508544921875
2020-03-26,84.50230407714844,146.13330078125,19.947385787963867
2020-03-27,78.482421875,139.5665740966797,18.96406364440918
2020-03-30,80.52349853515625,140.69483947753906,19.350370407104492
2020-03-31,77.53507995605469,136.2611846923828,18.639219284057617
2020-04-01,72.6520004272461,128.06382751464844,17.357385635375977
2020-04-02,75.36482238769531,132.1537322998047,18.05975914001465
2020-04-03,73.13721466064453,129.50941467285156,17.585655212402344
2020-04-06,77.84477996826172,139.46963500976562,18.779693603515625
2020-04-07,78.87156677246094,146.33607482910156,19.438169479370117
2020-04-08,82.05638122558594,155.97894287109375,20.588302612304688
2020-04-09,89.41795349121094,162.41339111328125,21.82623291015625
2020-04-13,85.4413070678711,157.93569946289062,21.000940322875977
2020-04-14,83.1005630493164,157.09837341308594,20.83413314819336
2020-04-15,79.00211334228516,157.35397338867188,19.48206329345703
2020-04-16,75.99134826660156,156.04940795898438,18.8060302734375
2020-04-17,82.82210540771484,161.73471069335938,20.439048767089844
2020-04-20,79.80265045166016,159.0110626220703,19.754228591918945
2020-04-21,77.4880142211914,153.20240783691406,18.999183654785156
2020-04-22,77.7403564453125,155.11509704589844,19.13965606689453
2020-04-23,77.78388214111328,154.29537963867188,19.201114654541016
2020-04-24,78.9324722290039,156.0142059326172,19.473283767700195
2020-04-27,82.3348388671875,161.77877807617188,20.60586166381836
2020-04-28,82.9178237915039,164.83734130859375,20.9746036529541
2020-04-29,85.15413665771484,167.49928283691406,21.755996704101562
2020-04-30,83.3268051147461,161.67300415039062,21.115076065063477
2020-05-01,81.14270782470703,156.10232543945312,20.263452529907227
2020-05-04,80.17682647705078,155.15919494628906,20.13175392150879
2020-05-05,80.05499267578125,157.16004943847656,19.89470672607422
2020-05-06,78.54960632324219,155.94369506835938,19.622535705566406
2020-05-07,79.3675765991211,160.70346069335938,20.0527400970459
2020-05-08,80.66411590576172,163.40943908691406,20.69365692138672
2020-05-11,78.28856658935547,161.44386291503906,19.8244686126709
2020-05-12,75.73027801513672,156.19931030273438,19.201114654541016
2020-05-13,73.11980438232422,151.43072509765625,18.32314682006836
2020-05-14,76.15666961669922,153.76649475097656,19.060636520385742
2020-05-15,74.74698638916016,151.49244689941406,18.823589324951172
2020-05-18,78.70625305175781,160.3155975341797,20.13175392150879
2020-05-19,77.1573486328125,156.74581909179688,19.49962043762207
2020-05-20,79.47198486328125,159.92774963378906,20.114198684692383
2020-05-21,78.46260070800781,158.74664306640625,20.105422973632812
2020-05-22,77.85348510742188,158.59678649902344,19.89470672607422
2020-05-26,83.37902069091797,172.8143768310547,21.31700897216797
2020-05-27,88.20843505859375,184.80186462402344,22.809555053710938
2020-05-28,86.89448547363281,177.36257934570312,21.82623291015625
2020-05-29,84.67556762695312,174.2760009765625,21.176538467407227
2020-06-01,85.7980728149414,177.3271026611328,21.60673713684082
2020-06-02,86.08522033691406,181.0611114501953,21.808673858642578
2020-06-03,90.73187255859375,186.76422119140625,22.81833267211914
2020-06-04,92.62016296386719,190.53370666503906,23.675901412963867
2020-06-05,96.78824615478516,193.28323364257812,24.85173988342285
2020-06-08,98.7199935913086,195.84652709960938,25.231895446777344
2020-06-09,96.18783569335938,193.44290161132812,24.948991775512695
2020-06-10,92.28948974609375,189.3807373046875,23.516765594482422
2020-06-11,84.58855438232422,172.18280029296875,21.156246185302734
2020-06-12,86.90319061279297,178.96791076660156,21.907724380493164
2020-06-15,88.10401916503906,182.98577880859375,22.234834671020508
2020-06-16,88.808837890625,185.8949737548828,22.809492111206055
2020-06-17,86.5638198852539,182.87936401367188,22.102224349975586
2020-06-18,86.09394836425781,180.79505920410156,22.137588500976562
2020-06-19,85.11063385009766,178.8348846435547,22.3232479095459
2020-06-22,84.18828582763672,180.4225311279297,21.76626968383789
2020-06-23,85.21507263183594,181.62876892089844,21.91656494140625
2020-06-24,82.36963653564453,175.63304138183594,21.05015754699707
2020-06-25,85.24118041992188,183.68649291992188,21.85467529296875
2020-06-26,80.56840515136719,167.80128479003906,20.466655731201172
2020-06-29,80.9251708984375,171.597412109375,20.678836822509766
2020-06-30,81.8475341796875,175.27825927734375,20.997106552124023
2020-07-01,81.15139770507812,175.23390197753906,20.563907623291016
2020-07-02,81.41500854492188,175.08311462402344,20.590435028076172
2020-07-06,83.47102355957031,183.91709899902344,20.91754150390625
2020-07-07,81.11626434326172,176.82154846191406,20.342884063720703
2020-07-08,81.97732543945312,179.3848114013672,20.422454833984375
2020-07-09,80.20247650146484,174.57757568359375,20.13070297241211
2020-07-10,84.58689880371094,182.32058715820312,21.235816955566406
2020-07-13,85.7994384765625,185.26522827148438,21.3861141204834
2020-07-14,86.29147338867188,189.81527709960938,21.341903686523438
2020-07-15,87.62702178955078,192.3785400390625,21.74858856201172
2020-07-16,87.87303161621094,190.40074157714844,21.156246185302734
2020-07-17,86.24754333496094,187.50926208496094,20.528547286987305
2020-07-20,85.49188995361328,187.7753143310547,20.84681510925293
2020-07-21,87.3458480834961,188.05023193359375,21.589448928833008
2020-07-22,86.71324157714844,182.71084594726562,21.492198944091797
2020-07-23,86.96803283691406,180.06781005859375,21.69554328918457
2020-07-24,86.35294342041016,178.69300842285156,21.527565002441406
2020-07-27,85.14044189453125,180.06781005859375,21.341903686523438
2020-07-28,85.50946807861328,178.82603454589844,21.536405563354492
2020-07-29,87.58304595947266,179.677490234375,22.340925216674805
2020-07-30,85.24588012695312,176.9723358154297,21.960769653320312
2020-07-31,84.91200256347656,175.579833984375,21.996129989624023
2020-08-03,84.4375228881836,176.84812927246094,22.093379974365234
2020-08-04,83.95429229736328,178.84376525878906,22.111066818237305
2020-08-05,85.4128189086914,181.39816284179688,22.447011947631836
2020-08-06,85.43917846679688,181.15870666503906,22.517744064331055
2020-08-07,87.31946563720703,184.72421264648438,23.083559036254883
2020-08-10,88.42657470703125,185.70872497558594,23.481403350830078
2020-08-11,91.22065734863281,187.19879150390625,23.799673080444336
2020-08-12,90.44744110107422,188.14784240722656,23.631698608398438
2020-08-13,89.94661712646484,184.83065795898438,23.295743942260742
2020-08-14,89.98176574707031,184.45814514160156,23.40183448791504
2020-08-17,87.60942840576172,180.1121368408203,22.897899627685547
2020-08-18,86.38811492919922,178.5510711669922,22.570791244506836
2020-08-19,86.59021759033203,180.06781005859375,22.544267654418945
2020-08-20,85.55341339111328,179.03004455566406,22.190637588500977
2020-08-21,85.50946807861328,179.54446411132812,22.08454132080078
2020-08-24,87.91695404052734,183.89935302734375,22.712244033813477
2020-08-25,88.3035659790039,182.71084594726562,22.98631477355957
2020-08-26,87.06466674804688,183.79290771484375,22.597309112548828
2020-08-27,89.92904663085938,186.39166259765625,23.0305118560791
2020-08-28,90.29808807373047,184.22755432128906,23.251537322998047
2020-08-31,88.03117370605469,182.8087615966797,22.756444931030273
2020-09-01,87.98724365234375,183.335205078125,22.729921340942383
2020-09-02,89.31399536132812,187.42202758789062,23.00399398803711
2020-09-03,89.03282928466797,185.20907592773438,22.843751907348633
2020-09-04,90.9570541381836,188.22509765625,23.627168655395508
2020-09-08,87.7939453125,180.6761016845703,22.683504104614258
2020-09-09,88.62865447998047,180.4441375732422,22.710214614868164
2020-09-10,87.71487426757812,178.47206115722656,22.380821228027344
2020-09-11,88.80436706542969,179.28408813476562,22.701309204101562
2020-09-14,90.03449249267578,179.65887451171875,22.923873901367188
2020-09-15,87.23160552978516,176.6785430908203,22.50545883178711
2020-09-16,87.60062408447266,179.06993103027344,22.79033660888672
2020-09-17,86.59900665283203,173.84986877441406,22.56777572631836
2020-09-18,86.41447448730469,173.8766326904297,22.44313621520996
2020-09-21,83.74340057373047,173.10928344726562,21.78435707092285
2020-09-22,82.82960510253906,170.9855499267578,21.31252670288086
2020-09-23,81.48528289794922,166.0778045654297,20.707155227661133
2020-09-24,81.41500854492188,174.0997314453125,20.778371810913086
2020-09-25,82.126708984375,173.95697021484375,20.911907196044922
2020-09-28,84.4902572631836,177.63328552246094,21.446062088012695
2020-09-29,83.77854919433594,175.59884643554688,21.161184310913086
2020-09-30,84.58689880371094,179.32872009277344,21.446062088012695
2020-10-01,85.20195770263672,177.16929626464844,21.454967498779297
2020-10-02,86.01029968261719,178.37393188476562,21.552886962890625
2020-10-05,87.82821655273438,180.0693359375,21.917892456054688
2020-10-06,86.92369842529297,179.435791015625,21.695329666137695
2020-10-07,88.44014739990234,181.67552185058594,22.14935874938965
2020-10-08,90.25804901123047,185.58380126953125,22.4698486328125
2020-10-09,89.74370574951172,185.19126892089844,22.576675415039062
2020-10-12,90.84334564208984,191.0626678466797,22.861555099487305
2020-10-13,89.37126159667969,188.1090850830078,22.211671829223633
2020-10-14,88.87464904785156,188.48388671875,21.02764320373535
2020-10-15,90.20484924316406,186.13710021972656,21.499473571777344
2020-10-16,90.01861572265625,184.00445556640625,21.57960319519043
2020-10-19,88.50220489501953,183.54046630859375,21.116670608520508
2020-10-20,89.00767517089844,185.6284637451172,21.490571975708008
2020-10-21,88.1208724975586,181.05984497070312,21.41044807434082
2020-10-22,91.2335205078125,183.2816619873047,22.140453338623047
2020-10-23,92.0582504272461,182.96044921875,22.167160034179688
2020-10-26,89.77920532226562,179.4804229736328,21.846677780151367
2020-10-27,88.08539581298828,174.60833740234375,21.232406616210938
2020-10-28,85.61124420166016,169.33477783203125,20.89410400390625
2020-10-29,86.16993713378906,169.4864959716797,20.9564266204834
2020-10-30,86.94143676757812,168.68338012695312,21.09886360168457
2020-11-02,88.90126037597656,169.71849060058594,21.437158584594727
2020-11-03,91.70352935791016,176.61605834960938,21.980213165283203
2020-11-04,88.90126037597656,176.56253051757812,21.0810546875
2020-11-05,92.53711700439453,181.1044158935547,21.908992767333984
2020-11-06,91.30445098876953,179.58746337890625,21.641916275024414
2020-11-09,103.66641235351562,191.78541564941406,24.71327018737793
2020-11-10,103.32940673828125,194.05194091796875,24.624244689941406
2020-11-11,101.78639221191406,194.56947326660156,24.33936309814453
2020-11-12,100.53599548339844,191.4106903076172,23.760705947875977
2020-11-13,101.16564178466797,195.4885711669922,24.036680221557617
2020-11-16,104.02112579345703,198.4331817626953,24.55302619934082
2020-11-17,102.96583557128906,200.45875549316406,24.52631378173828
2020-11-18,102.20318603515625,200.14645385742188,24.018875122070312
2020-11-19,102.47809600830078,200.3874053955078,24.018875122070312
2020-11-20,101.60015869140625,199.29876708984375,23.867534637451172
2020-11-23,104.5265884399414,204.18862915039062,24.38387680053711
2020-11-24,109.359619140625,211.92501831054688,25.79936981201172
2020-11-25,108.21565246582031,211.06842041015625,25.843881607055664
2020-11-27,107.49736022949219,210.05113220214844,25.808273315429688
2020-11-30,104.53545379638672,205.7501678466797,25.06937026977539
2020-12-01,106.18489837646484,208.21739196777344,25.54119873046875
2020-12-02,108.22452545166016,213.21469116210938,25.87059211730957
2020-12-03,107.51509094238281,211.2588653564453,25.897462844848633
2020-12-04,108.49055480957031,214.94630432128906,26.237869262695312
2020-12-07,108.0826416015625,213.93246459960938,26.058706283569336
2020-12-08,108.18904876708984,214.2823486328125,25.915376663208008
2020-12-09,107.34659576416016,217.85316467285156,25.798925399780273
2020-12-10,106.6549072265625,219.27066040039062,26.07662010192871
2020-12-11,106.02527618408203,215.31410217285156,25.592893600463867
2020-12-14,104.90792846679688,213.34033203125,25.27936553955078
2020-12-15,106.69923400878906,217.5032501220703,25.655601501464844
2020-12-16,107.00961303710938,218.7054901123047,25.727262496948242
2020-12-17,106.12283325195312,219.2975616455078,25.8257999420166
2020-12-18,105.599609375,217.23411560058594,25.682476043701172
2020-12-21,109.56359100341797,230.55718994140625,26.640974044799805
2020-12-22,107.89640808105469,224.37564086914062,26.16619873046875
2020-12-23,110.9115219116211,230.08172607421875,26.918668746948242
2020-12-24,110.42378234863281,229.82151794433594,26.838050842285156
2020-12-28,111.15095520019531,232.89886474609375,26.990333557128906
2020-12-29,110.85832214355469,231.48129272460938,26.882837295532227
2020-12-30,111.168701171875,232.7732391357422,26.855966567993164
2020-12-31,112.68511199951172,236.59521484375,27.151580810546875
2021-01-04,111.6209487915039,237.75259399414062,26.900758743286133
2021-01-05,112.22834014892578,243.0728302001953,27.10679054260254
2021-01-06,117.49810028076172,256.1896667480469,28.799846649169922
2021-01-07,121.35662841796875,261.6624755859375,29.43585777282715
2021-01-08,121.49060821533203,260.2538757324219,29.140239715576172
2021-01-11,123.30377197265625,263.61822509765625,29.623973846435547
2021-01-12,125.24197387695312,271.1366271972656,30.15249252319336
2021-01-13,125.35807800292969,271.7916259765625,29.973337173461914
2021-01-14,126.09050750732422,276.2147216796875,30.448108673095703
2021-01-15,123.83077239990234,270.0600280761719,29.57022476196289
2021-01-19,123.29485321044922,263.9502868652344,29.3552303314209
2021-01-20,121.4459457397461,260.6037902832031,28.97004508972168
2021-01-21,120.42774200439453,259.61676025390625,28.459444046020508
2021-01-22,119.49882507324219,259.634765625,28.26236343383789
2021-01-25,118.0072021484375,253.93771362304688,27.913005828857422
2021-01-26,117.52490234375,252.789306640625,27.715930938720703
2021-01-27,114.20225524902344,245.22604370117188,26.721599578857422
2021-01-28,116.21189880371094,246.74232482910156,27.16053581237793
2021-01-29,114.92574310302734,243.28823852539062,26.56035041809082
2021-02-01,115.77424621582031,246.48211669921875,26.838050842285156
2021-02-02,119.33805847167969,257.463623046875,27.796550750732422
2021-02-03,120.7046127319336,258.8811950683594,28.28923797607422
2021-02-04,123.4823989868164,263.5465087890625,29.11336898803711
2021-02-05,123.24125671386719,263.32220458984375,28.996917724609375
2021-02-08,125.17054748535156,269.28839111328125,29.64189338684082
2021-02-09,124.67035675048828,269.5666198730469,29.516483306884766
2021-02-10,124.7417984008789,272.99383544921875,29.543352127075195
2021-02-11,124.39346313476562,271.23529052734375,29.453779220581055
2021-02-12,126.1619644165039,274.8240661621094,29.89271354675293
2021-02-16,129.19874572753906,279.8840637207031,30.698928833007812
2021-02-17,129.6007080078125,280.58392333984375,30.82434844970703
2021-02-18,130.03834533691406,278.03594970703125,30.62726402282715
2021-02-19,132.2087860107422,283.1678161621094,30.94080924987793
2021-02-22,133.45030212402344,284.289306640625,31.48723030090332
2021-02-23,134.52215576171875,286.3886413574219,31.818675994873047
2021-02-24,136.88906860351562,296.64349365234375,32.58905792236328
2021-02-25,135.03125,294.0595397949219,32.18594741821289
2021-02-26,131.44960021972656,286.6308898925781,31.093074798583984
2021-03-01,134.4238739013672,297.16021728515625,32.060543060302734
2021-03-02,133.98622131347656,298.078857421875,31.827634811401367
2021-03-03,136.57647705078125,301.2222900390625,32.62488555908203
2021-03-04,134.47747802734375,296.59271240234375,32.85896301269531
2021-03-05,134.7901153564453,294.8633117675781,33.246063232421875
2021-03-08,136.57647705078125,301.0061950683594,33.42611312866211
2021-03-09,135.61184692382812,297.7635803222656,32.6969108581543
2021-03-10,138.55931091308594,308.0586853027344,33.64216995239258
2021-03-11,137.8358612060547,308.1307373046875,33.5251350402832
2021-03-12,139.4703826904297,314.1744384765625,34.155311584472656
2021-03-15,138.773681640625,311.68853759765625,33.98426055908203
2021-03-16,137.11236572265625,307.7793884277344,33.88523864746094
2021-03-17,138.52359008789062,310.6977844238281,34.16431427001953
2021-03-18,140.81011962890625,313.44488525390625,35.05554962158203
2021-03-19,138.56826782226562,310.0222473144531,34.68645477294922
2021-03-22,134.84371948242188,305.6357421875,33.90324401855469
2021-03-23,133.49497985839844,298.826416015625,33.21906661987305
2021-03-24,134.53106689453125,296.01629638671875,33.21906661987305
2021-03-25,136.25491333007812,297.7276306152344,33.90324401855469
2021-03-26,138.52359008789062,294.8813171386719,34.82149124145508
2021-03-29,136.37103271484375,293.38616943359375,34.4884033203125
2021-03-30,137.97879028320312,299.0426330566406,35.1005744934082
2021-03-31,135.9690704345703,294.53009033203125,34.83049392700195
2021-04-01,137.29103088378906,295.10650634765625,35.55069351196289
2021-04-05,138.0187225341797,291.4136962890625,35.82976531982422
2021-04-06,137.04843139648438,294.58416748046875,35.73073196411133
2021-04-07,139.19569396972656,294.1247253417969,36.054832458496094
2021-04-08,139.36642456054688,298.2590026855469,35.739742279052734
2021-04-09,140.4086151123047,297.9617614746094,36.000816345214844
2021-04-12,140.1121063232422,298.8895263671875,36.06382369995117
2021-04-13,138.4409942626953,295.1425476074219,35.397647857666016
2021-04-14,135.85350036621094,302.0509948730469,35.901790618896484
2021-04-15,136.71600341796875,304.9332275390625,34.8754997253418
2021-04-16,137.73126220703125,308.31988525390625,35.244606018066406
2021-04-19,137.14727783203125,309.02239990234375,35.262611389160156
2021-04-20,134.11050415039062,298.925537109375,34.28134536743164
2021-04-21,135.25152587890625,301.97894287109375,34.857505798339844
2021-04-22,132.40350341796875,297.997802734375,34.53341293334961
2021-04-23,134.93707275390625,305.65386962890625,35.271610260009766
2021-04-26,135.26951599121094,309.40966796875,35.47866439819336
2021-04-27,135.88943481445312,312.2109069824219,35.901790618896484
2021-04-28,136.7698974609375,313.5439147949219,36.03681945800781
2021-04-29,139.42929077148438,317.9214172363281,37.009090423583984
2021-04-30,138.18943786621094,313.8501281738281,36.486942291259766
2021-05-03,137.78515625,315.3904113769531,36.513954162597656
2021-05-04,139.6898651123047,315.10223388671875,36.910057067871094
2021-05-05,141.522705078125,322.10968017578125,37.26115417480469
2021-05-06,144.37074279785156,329.6305236816406,37.81930160522461
2021-05-07,144.86488342285156,334.06195068359375,37.97235107421875
2021-05-10,144.84690856933594,332.0714416503906,37.855316162109375
2021-05-11,142.4390869140625,324.1813049316406,37.42320251464844
2021-05-12,141.4597625732422,319.2093811035156,37.072105407714844
2021-05-13,145.09848022460938,323.1814880371094,37.66626739501953
2021-05-14,147.3535614013672,332.1524658203125,38.1343879699707
2021-05-17,147.946533203125,332.5848083496094,38.47649002075195
2021-05-18,145.86215209960938,328.36053466796875,37.954341888427734
2021-05-19,144.74807739257812,322.7942199707031,37.78329849243164
2021-05-20,144.49656677246094,324.0552062988281,37.693275451660156
2021-05-21,146.1407012939453,329.8916931152344,38.170406341552734
2021-05-24,146.93130493164062,331.72021484375,38.37745666503906
2021-05-25,145.4129638671875,328.3155517578125,37.81930160522461
2021-05-26,145.3949432373047,330.91845703125,37.8463134765625
2021-05-27,147.6590118408203,334.4942932128906,38.30543899536133
2021-05-28,147.56021118164062,336.21142578125,38.16139602661133
2021-06-01,149.1864013671875,345.6285095214844,38.63853073120117
2021-06-02,149.1953887939453,346.5322570800781,38.656532287597656
2021-06-03,149.29421997070312,351.30401611328125,39.09950637817383
2021-06-04,149.53675842285156,353.7712097167969,39.11759567260742
2021-06-07,148.8360137939453,350.79791259765625,38.98198699951172
2021-06-08,148.24302673339844,347.6709289550781,38.765018463134766
2021-06-09,146.39222717285156,345.93572998046875,38.258766174316406
2021-06-10,144.11021423339844,337.9466247558594,37.68921661376953
2021-06-11,144.01133728027344,341.6610412597656,37.8429069519043
2021-06-14,141.56761169433594,337.0248107910156,37.3908805847168
2021-06-15,139.42031860351562,335.56072998046875,37.41801071166992
2021-06-16,140.399658203125,335.28961181640625,37.62594223022461
2021-06-17,136.34765625,326.7040710449219,35.980594635009766
2021-06-18,132.8976287841797,315.2535705566406,35.0584716796875
2021-06-21,135.15269470214844,323.1252746582031,35.935386657714844
2021-06-22,134.95506286621094,323.1161804199219,36.13428497314453
2021-06-23,135.7726287841797,326.2973937988281,36.34221649169922
2021-06-24,137.021484375,333.2561950683594,36.9117546081543
2021-06-25,138.40504455566406,333.2742919921875,37.62594223022461
2021-06-28,138.6566619873047,333.2200622558594,37.571693420410156
2021-06-29,138.48590087890625,336.7536926269531,36.96598434448242
2021-06-30,139.7437744140625,342.99853515625,37.27336120605469
2021-07-01,141.12738037109375,338.89556884765625,37.55361557006836
2021-07-02,140.99183654785156,338.1454772949219,37.20104217529297
2021-07-06,138.62432861328125,334.2593078613281,36.22467803955078
2021-07-07,138.7869873046875,332.2801513671875,35.935386657714844
2021-07-08,136.3924102783203,324.3904724121094,35.0584716796875
2021-07-09,140.7568817138672,335.97650146484375,36.19755935668945
2021-07-12,142.77194213867188,343.8752136230469,36.73094940185547
2021-07-13,140.64845275878906,339.7903137207031,36.03483200073242
2021-07-14,140.16952514648438,338.36236572265625,35.130802154541016
2021-07-15,140.47674560546875,337.4134216308594,35.103675842285156
2021-07-16,137.2689208984375,329.6864318847656,34.281002044677734
2021-07-19,132.80502319335938,320.5766296386719,33.38600540161133
2021-07-20,135.2809295654297,329.6502990722656,34.073081970214844
2021-07-21,138.1273651123047,337.54901123046875,34.7691764831543
2021-07-22,136.3833465576172,336.8350524902344,34.31716537475586
2021-07-23,136.12130737304688,338.0459899902344,34.082115173339844
2021-07-26,137.03395080566406,339.71795654296875,34.470855712890625
2021-07-27,136.85325622558594,338.7599792480469,34.33524703979492
2021-07-28,137.07911682128906,338.20867919921875,34.470855712890625
2021-07-29,138.2538604736328,341.20916748046875,34.96807098388672
2021-07-30,137.1514434814453,338.7961730957031,34.67878723144531
2021-08-02,136.60023498535156,341.7875671386719,34.31716537475586
2021-08-03,138.1544647216797,343.7486572265625,34.85055160522461
2021-08-04,136.6634979248047,341.4892883300781,34.597415924072266
2021-08-05,138.38938903808594,347.30938720703125,35.275447845458984
2021-08-06,142.32012939453125,359.59136962890625,36.2970085144043
2021-08-09,142.16653442382812,361.3897399902344,36.7671012878418
2021-08-10,143.91050720214844,368.7010498046875,37.45417022705078
2021-08-11,145.62738037109375,374.0513000488281,37.92426681518555
2021-08-12,146.1966552734375,375.054443359375,38.10506820678711
2021-08-13,144.56109619140625,371.2406311035156,37.634979248046875
2021-08-16,143.61231994628906,369.0445556640625,37.32760238647461
2021-08-17,141.8773651123047,365.9898376464844,37.14678955078125
2021-08-18,140.585205078125,360.4136962890625,36.875587463378906
2021-08-19,139.41050720214844,355.68719482421875,36.333160400390625
2021-08-20,139.80809020996094,357.76580810546875,36.49588394165039
2021-08-23,141.5972442626953,362.80865478515625,36.98406219482422
2021-08-24,142.47372436523438,369.234375,37.49937057495117
2021-08-25,145.4105224609375,373.3553771972656,38.10506820678711
2021-08-26,146.1605224609375,372.7137451171875,38.005638122558594
2021-08-27,147.335205078125,379.29296875,38.412452697753906
2021-08-30,144.97677612304688,373.7892150878906,37.66210174560547
2021-08-31,144.53399658203125,375.5238037109375,37.74346160888672
2021-09-01,144.32614135742188,375.65997314453125,37.2371940612793
2021-09-02,144.99484252929688,376.42279052734375,37.27354431152344
2021-09-03,144.1183319091797,373.52587890625,37.30080795288086
2021-09-07,143.8653106689453,372.62677001953125,37.5461540222168
2021-09-08,143.2237548828125,367.79547119140625,37.05546951293945
2021-09-09,143.8472442626953,367.4140319824219,37.19176483154297
2021-09-10,142.19363403320312,366.4151306152344,36.592041015625
2021-09-13,144.4526824951172,371.6641540527344,37.20085144042969
2021-09-14,141.9315948486328,366.6058044433594,36.20131301879883
2021-09-15,142.91653442382812,365.0256652832031,36.473915100097656
2021-09-16,142.853271484375,360.23974609375,36.75560760498047
2021-09-17,142.4827880859375,355.49932861328125,36.801048278808594
2021-09-20,138.2176971435547,343.393798828125,35.537994384765625
2021-09-21,138.2357635498047,341.3142395019531,35.55616760253906
2021-09-22,140.88339233398438,350.0596008300781,36.473915100097656
2021-09-23,145.6454620361328,355.862548828125,37.882347106933594
2021-09-24,147.326171875,354.94537353515625,38.291259765625
2021-09-27,150.8864288330078,363.0822448730469,39.30896759033203
2021-09-28,150.07321166992188,353.7193603515625,39.21809768676758
2021-09-29,149.9557342529297,349.5328369140625,39.13631820678711
2021-09-30,147.91354370117188,343.3030700683594,38.57294464111328
2021-10-01,151.02200317382812,345.092041015625,39.14540100097656
2021-10-04,150.8593292236328,339.7795104980469,39.38166046142578
2021-10-05,153.3229217529297,350.3683166503906,40.1812858581543
2021-10-06,153.65017700195312,352.4025573730469,40.199466705322266
2021-10-07,154.6228790283203,354.7364807128906,40.090415954589844
2021-10-08,154.74105834960938,356.7252502441406,40.29032897949219
2021-10-11,151.48663330078125,349.8506774902344,39.78147506713867
2021-10-12,150.32296752929688,351.02215576171875,39.563392639160156
2021-10-13,146.35946655273438,350.8223571777344,39.199928283691406
2021-10-14,148.60484313964844,355.2631530761719,40.95365905761719
2021-10-15,151.4593048095703,368.7671813964844,42.13492202758789
2021-10-18,151.40478515625,375.68719482421875,42.053138732910156
2021-10-19,153.24110412597656,374.2978210449219,42.23487091064453
2021-10-20,155.30465698242188,370.4200439453125,42.789161682128906
2021-10-21,154.0865020751953,370.1475524902344,42.55290603637695
2021-10-22,156.1591796875,376.25933837890625,43.22532272338867
2021-10-25,155.39559936523438,376.6497802734375,43.17079544067383
2021-10-26,155.81373596191406,379.2470397949219,43.579708099365234
2021-10-27,152.56837463378906,373.2351989746094,42.74372482299805
2021-10-28,154.8683319091797,376.7134094238281,43.4161376953125
2021-10-29,154.4410400390625,375.37841796875,43.4161376953125
2021-11-01,154.3592529296875,378.42071533203125,43.47974395751953
2021-11-02,154.9683074951172,384.9138488769531,43.50700759887695
2021-11-03,155.02284240722656,379.510498046875,43.95225524902344
2021-11-04,152.98654174804688,370.58349609375,43.00724411010742
2021-11-05,152.76837158203125,369.68438720703125,42.68012237548828
2021-11-08,153.68653869628906,370.8287048339844,43.016326904296875
2021-11-09,152.52291870117188,368.1133117675781,42.59834289550781
2021-11-10,152.37747192382812,362.45562744140625,42.9163818359375
2021-11-11,152.368408203125,365.37982177734375,43.152626037597656
2021-11-12,151.68661499023438,367.7137756347656,42.62560272216797
2021-11-15,151.4138946533203,367.6229248046875,42.752811431884766
2021-11-16,150.32296752929688,366.06097412109375,42.78008270263672
2021-11-17,149.513916015625,355.5809631347656,42.26212692260742
2021-11-18,148.22305297851562,355.4176330566406,42.08948516845703
2021-11-19,146.2867431640625,351.80316162109375,41.253517150878906
2021-11-22,149.4048309326172,359.767578125,42.053138732910156
2021-11-23,152.9774932861328,369.0124206542969,43.161712646484375
2021-11-24,151.7775115966797,362.51922607421875,43.27984619140625
2021-11-26,147.2048797607422,353.6194763183594,41.58063507080078
2021-11-29,146.56854248046875,351.0312805175781,41.42616271972656
2021-11-30,144.3867950439453,345.9910888671875,40.4084587097168
2021-12-01,143.53228759765625,343.69970703125,39.835994720458984
2021-12-02,146.5503692626953,353.796630859375,40.986419677734375
2021-12-03,143.89588928222656,349.40545654296875,40.05512619018555
2021-12-06,145.5958709716797,355.4033508300781,40.31077194213867
2021-12-07,147.78672790527344,365.272216796875,40.82207489013672
2021-12-08,146.09585571289062,362.72509765625,40.31990051269531
2021-12-09,145.86856079101562,361.9674072265625,40.62120819091797
2021-12-10,145.28680419921875,357.0101623535156,40.648590087890625
2021-12-13,143.5595245361328,351.149169921875,39.790340423583984
2021-12-14,144.65953063964844,354.9652404785156,40.29251480102539
2021-12-15,143.5777130126953,355.9603271484375,40.11902618408203
2021-12-16,145.82313537597656,362.77081298828125,41.08686065673828
2021-12-17,142.50503540039062,348.556396484375,40.06425476074219
2021-12-20,139.94146728515625,339.253662109375,39.4068603515625
2021-12-21,141.8959503173828,347.205322265625,40.347293853759766
2021-12-22,142.45050048828125,349.04034423828125,40.42947006225586
2021-12-23,142.95956420898438,351.5143737792969,40.55729293823242
2021-12-27,143.77772521972656,354.253173828125,40.75815963745117
2021-12-28,144.2140350341797,353.860595703125,40.81294250488281
2021-12-29,144.14134216308594,352.5733642578125,40.74903869628906
2021-12-30,144.068603515625,351.95257568359375,40.6577262878418
2021-12-31,143.95046997070312,349.2411804199219,40.62120819091797
2022-01-03,146.9958038330078,360.9083557128906,42.164249420166016
2022-01-04,152.56837463378906,372.00048828125,43.81685256958008
2022-01-05,149.7790985107422,363.92108154296875,43.07728576660156
2022-01-06,151.37039184570312,362.36907958984375,43.944679260253906
2022-01-07,152.87017822265625,362.8985595703125,44.903377532958984
2022-01-10,153.01651000976562,364.4140625,44.67511749267578
2022-01-11,153.17198181152344,367.9561767578125,44.93075942993164
2022-01-12,154.04075622558594,356.3254699707031,44.6111946105957
2022-01-13,153.8487091064453,356.7727355957031,44.51988983154297
2022-01-14,144.39263916015625,347.7713317871094,43.743804931640625
2022-01-18,138.33856201171875,323.5422058105469,42.23728942871094
2022-01-19,136.19854736328125,317.07867431640625,42.40163803100586
2022-01-20,135.03713989257812,317.790771484375,41.77163314819336
2022-01-21,132.67770385742188,313.9655456542969,41.013816833496094
2022-01-24,132.55880737304688,313.4908752441406,40.675987243652344
2022-01-25,134.00376892089844,311.81103515625,41.47946548461914
2022-01-26,135.2749481201172,312.8426208496094,41.908592224121094
2022-01-27,132.88804626464844,311.3363037109375,41.5159912109375
2022-01-28,134.07691955566406,316.7956237792969,41.88120651245117
2022-01-31,135.89682006835938,323.7977600097656,42.127723693847656
2022-02-01,138.2288360595703,332.361083984375,42.858158111572266
2022-02-02,137.12225341796875,331.44818115234375,42.81250762939453
2022-02-03,135.98825073242188,327.6321716308594,42.39250183105469
2022-02-04,139.5182647705078,335.5928649902344,44.081642150878906
2022-02-07,139.98468017578125,336.094970703125,44.29163360595703
2022-02-08,142.6184539794922,337.8750915527344,45.08598327636719
2022-02-09,143.21292114257812,341.91943359375,44.99467468261719
2022-02-10,142.6184539794922,338.3042297363281,44.78467559814453
2022-02-11,140.76199340820312,331.44818115234375,43.752933502197266
2022-02-14,139.45428466796875,328.8736572265625,43.29641342163086
2022-02-15,141.49363708496094,332.25152587890625,43.634246826171875
2022-02-16,141.74969482421875,328.7002868652344,43.5338020324707
2022-02-17,138.48486328125,318.6671447753906,42.063804626464844
2022-02-18,139.1341552734375,315.9100341796875,41.963375091552734
2022-02-22,138.8872528076172,314.294189453125,41.59816360473633
2022-02-23,135.97911071777344,311.482421875,40.885990142822266
2022-02-24,132.1930389404297,310.5694885253906,39.808597564697266
2022-02-25,135.32064819335938,319.63482666015625,41.10511779785156
2022-02-28,129.67811584472656,311.5736999511719,40.356422424316406
2022-03-01,124.78544616699219,301.3896179199219,38.7768669128418
2022-03-02,127.37351989746094,308.90142822265625,39.4068603515625
2022-03-03,126.4681396484375,306.1832275390625,38.984806060791016
2022-03-04,122.91069030761719,302.739501953125,37.57185363769531
2022-03-07,118.16438293457031,295.5950622558594,35.17715835571289
2022-03-08,117.3321762084961,295.11749267578125,35.40653610229492
2022-03-09,122.03276062011719,306.33929443359375,37.654422760009766
2022-03-10,120.58782958984375,302.95074462890625,37.314945220947266
2022-03-11,117.87171173095703,300.2876281738281,37.00299072265625
2022-03-14,119.04228973388672,298.43267822265625,37.80122375488281
2022-03-15,121.15483093261719,302.2712097167969,38.07647705078125
2022-03-16,126.56871795654297,312.9236145019531,39.26922607421875
2022-03-17,128.16915893554688,315.22857666015625,39.480255126953125
2022-03-18,128.1234130859375,317.1662902832031,39.360984802246094
2022-03-21,127.71186065673828,311.307373046875,39.305931091308594
2022-03-22,130.42800903320312,314.98980712890625,40.5353889465332
2022-03-23,127.83076477050781,308.1943054199219,39.53531265258789
2022-03-24,128.6630096435547,308.7636413574219,39.516963958740234
2022-03-25,129.78785705566406,309.9207458496094,40.12250900268555
2022-03-28,128.8275909423828,307.9095764160156,39.95736312866211
2022-03-29,129.11111450195312,311.9134216308594,39.8564338684082
2022-03-30,128.52578735351562,308.1759338378906,39.452735900878906
2022-03-31,124.66656494140625,303.1344299316406,37.819576263427734
2022-04-01,123.74292755126953,303.24456787109375,37.52597427368164
2022-04-04,124.29163360595703,301.3988342285156,37.461753845214844
2022-04-05,122.84518432617188,297.4959411621094,36.82867431640625
2022-04-06,121.14079284667969,290.42498779296875,36.42496871948242
2022-04-07,120.77227020263672,288.4873352050781,36.14053726196289
2022-04-08,122.9833755493164,295.1358642578125,36.397438049316406
2022-04-11,122.53196716308594,294.5574035644531,36.324039459228516
2022-04-12,121.18685150146484,293.6574401855469,35.938690185546875
2022-04-13,117.28057861328125,295.6685485839844,35.61756134033203
2022-04-14,116.19345092773438,295.3654479980469,34.47068405151367
2022-04-18,118.34928131103516,302.9323425292969,35.645084381103516
2022-04-19,120.79991912841797,308.5065002441406,36.30569076538086
2022-04-20,121.2237319946289,313.1990661621094,36.388267517089844
2022-04-21,120.28399658203125,306.9913024902344,35.700130462646484
2022-04-22,116.82914733886719,293.6481628417969,34.461509704589844
2022-04-25,116.79228210449219,295.1634521484375,34.213775634765625
2022-04-26,113.33744049072266,287.5414733886719,33.44307327270508
2022-04-27,111.8633804321289,287.64251708984375,33.25956726074219
2022-04-28,113.63225555419922,292.39935302734375,33.773380279541016
2022-04-29,109.96549987792969,280.5347900390625,32.73659133911133
2022-05-02,110.96971893310547,285.0620422363281,33.15864562988281
2022-05-03,113.3466567993164,288.9556579589844,34.06697463989258
2022-05-04,117.09632110595703,297.63372802734375,35.43406295776367
2022-05-05,114.16661071777344,287.4956359863281,34.44316101074219
2022-05-06,113.98233795166016,287.39453125,34.36058044433594
2022-05-09,112.26874542236328,283.6570739746094,33.36967086791992
2022-05-10,109.53250885009766,280.139892578125,32.80999755859375
2022-05-11,108.8415298461914,276.9166259765625,32.63566970825195
2022-05-12,108.74940490722656,274.9514465332031,32.176918029785156
2022-05-13,109.71676635742188,281.9122314453125,32.26866912841797
2022-05-16,108.95208740234375,278.6522216796875,31.938365936279297
2022-05-17,112.56354522705078,287.4037780761719,33.021026611328125
2022-05-18,110.63804626464844,281.6734924316406,32.002593994140625
2022-05-19,108.99815368652344,283.02337646484375,31.608060836791992
2022-05-20,108.10449981689453,281.7377624511719,31.06673812866211
2022-05-23,114.79308319091797,290.7463684082031,32.91092300415039
2022-05-24,116.41455078125,288.3036804199219,32.709075927734375
2022-05-25,117.22530364990234,289.176025390625,32.88339614868164
2022-05-26,119.25214385986328,297.1929016113281,33.644920349121094
2022-05-27,120.93810272216797,301.7385559082031,33.9660530090332
2022-05-31,121.82254791259766,301.9880065917969,34.131202697753906
2022-06-01,119.6851577758789,297.3683776855469,33.644920349121094
2022-06-02,121.61064910888672,299.58575439453125,33.86639404296875
2022-06-03,119.91547393798828,294.43951416015625,33.39577865600586
2022-06-06,119.5193099975586,296.1302490234375,33.358863830566406
2022-06-07,119.83255004882812,297.0542297363281,33.54341506958008
2022-06-08,117.92548370361328,290.7437438964844,33.11893844604492
2022-06-09,115.44721221923828,281.0793762207031,31.84548568725586
2022-06-10,110.14057159423828,265.1877136230469,30.608945846557617
2022-06-13,106.86074829101562,261.76910400390625,29.54773712158203
2022-06-14,105.08265686035156,261.04852294921875,29.030977249145508
2022-06-15,106.32640838623047,268.0057067871094,29.57541847229004
2022-06-16,104.50225067138672,263.3028869628906,29.390865325927734
2022-06-17,104.13374328613281,258.5076599121094,29.45545768737793
2022-06-21,106.71336364746094,263.1457824707031,30.313655853271484
2022-06-22,106.11450958251953,262.8963928222656,30.08295249938965
2022-06-23,104.95367431640625,264.4023742675781,29.603105545043945
2022-06-24,108.08607482910156,279.72125244140625,29.815349578857422
2022-06-27,107.22005462646484,277.9010925292969,29.852256774902344
2022-06-28,106.70413970947266,276.7091979980469,29.769208908081055
2022-06-29,106.22506713867188,280.2109069824219,29.40009117126465
2022-06-30,103.74678802490234,274.42706298828125,28.726457595825195
2022-07-01,105.07344818115234,276.4689636230469,29.12325668334961
2022-07-05,104.67379760742188,274.5933837890625,28.827959060668945
2022-07-06,103.99527740478516,271.4150695800781,28.588035583496094
2022-07-07,106.62561798095703,275.88690185546875,29.40009117126465
2022-07-08,106.29102325439453,273.9189453125,29.335498809814453
2022-07-11,104.89686584472656,270.879150390625,29.030977249145508
2022-07-12,104.99908447265625,270.27862548828125,28.938695907592773
2022-07-13,104.0138931274414,268.0796203613281,28.458847045898438
2022-07-14,100.37974548339844,260.17071533203125,27.803665161132812
2022-07-15,104.98050689697266,271.5166931152344,29.759979248046875
2022-07-18,103.90234375,278.34454345703125,29.769208908081055
2022-07-19,106.47689819335938,293.857421875,30.775049209594727
2022-07-20,106.45832061767578,296.998779296875,30.78428077697754
2022-07-21,107.18328857421875,301.70159912109375,31.051883697509766
2022-07-22,106.66279602050781,299.2901306152344,30.848873138427734
2022-07-25,107.09033966064453,299.4656982421875,31.12571144104004
2022-07-26,105.4173355102539,294.3193359375,30.498205184936523
2022-07-27,107.10892486572266,299.8537292480469,30.996519088745117
2022-07-28,106.70927429199219,304.076171875,30.74736785888672
2022-07-29,107.220458984375,308.0305480957031,31.199541091918945
2022-08-01,106.15160369873047,306.8201904296875,31.107254028320312
2022-08-02,104.4971923828125,302.9397277832031,30.488983154296875
2022-08-03,105.59393310546875,307.82733154296875,31.04265785217285
2022-08-04,104.43213653564453,306.626220703125,30.821191787719727
2022-08-05,107.59223937988281,309.2132568359375,31.337949752807617
2022-08-08,106.2817153930664,309.222412109375,30.904239654541016
2022-08-09,107.23904418945312,311.0148620605469,31.301036834716797
2022-08-10,110.03666687011719,321.4460754394531,32.362247467041016
2022-08-11,111.6631851196289,324.9292907714844,33.13739776611328
2022-08-12,113.51277923583984,326.9065856933594,33.49728012084961
2022-08-15,113.81951141357422,328.78216552734375,33.451141357421875
2022-08-16,114.90695190429688,327.9690856933594,33.81102752685547
2022-08-17,113.94031524658203,326.8326110839844,33.59878158569336
2022-08-18,113.0573501586914,327.5532531738281,33.47882080078125
2022-08-19,110.25973510742188,322.70263671875,32.74059295654297
2022-08-22,108.43803405761719,316.3736877441406,32.03927230834961
2022-08-23,107.3691635131836,314.30413818359375,31.75320816040039
2022-08-24,107.6294174194336,315.9302062988281,31.854717254638672
2022-08-25,110.18537902832031,320.1341247558594,32.426841735839844
2022-08-26,106.57913970947266,310.8116149902344,31.402538299560547
2022-08-29,106.31888580322266,308.52020263671875,31.282581329345703
2022-08-30,106.3375015258789,308.2523193359375,31.457916259765625
2022-08-31,105.7054672241211,309.6859436035156,31.014976501464844
2022-09-01,106.43043518066406,310.4585266113281,31.089284896850586
2022-09-02,105.6868667602539,308.57818603515625,31.0521297454834
2022-09-06,105.71475219726562,303.932861328125,30.708444595336914
2022-09-07,107.72236633300781,307.7217102050781,31.182167053222656
2022-09-08,110.23184967041016,312.2086486816406,32.18535232543945
2022-09-09,110.76162719726562,316.60260009765625,32.4547233581543
2022-09-12,112.07215118408203,318.9112548828125,32.76124572753906
2022-09-13,108.17777252197266,305.70159912109375,31.581579208374023
2022-09-14,107.92683410644531,304.6496887207031,31.460826873779297
2022-09-15,109.55335998535156,308.7084655761719,32.05530548095703
2022-09-16,108.81910705566406,303.6722106933594,31.69304847717285
2022-09-19,109.8228988647461,305.9529724121094,32.22249984741211
2022-09-20,107.65731048583984,300.92608642578125,31.739492416381836
2022-09-21,104.55296325683594,298.55218505859375,30.792041778564453
2022-09-22,103.36328125,291.3004455566406,30.188278198242188
2022-09-23,101.43932342529297,281.1069641113281,29.473047256469727
2022-09-26,99.25513458251953,274.2648010253906,28.82284164428711
2022-09-27,98.3814697265625,271.2486267089844,28.395557403564453
2022-09-28,100.3704605102539,280.00848388671875,28.859994888305664
2022-09-29,98.66958618164062,275.6518249511719,28.479154586791992
2022-09-30,97.12671661376953,272.80322265625,28.0518798828125
2022-10-03,100.12881469726562,278.4817199707031,28.878570556640625
2022-10-04,104.81320190429688,293.11572265625,30.076818466186523
2022-10-05,103.51909637451172,287.6512756347656,29.649534225463867
2022-10-06,101.40913391113281,283.6204528808594,29.22225570678711
2022-10-07,99.38358306884766,280.2784118652344,28.562759399414062
2022-10-10,98.45520782470703,279.77581787109375,28.479154586791992
2022-10-11,95.61380004882812,273.8830871582031,27.652462005615234
2022-10-12,97.16109466552734,274.9071044921875,27.736061096191406
2022-10-13,102.56258392333984,285.8546142578125,29.43589210510254
2022-10-14,104.26930236816406,279.2637634277344,29.4451847076416
2022-10-17,108.64864349365234,285.5195007324219,31.22861099243164
2022-10-18,111.44315338134766,292.16619873046875,32.39898681640625
2022-10-19,109.25818634033203,290.2205810546875,31.507272720336914
2022-10-20,108.90182495117188,289.33624267578125,31.302928924560547
2022-10-21,114.62216186523438,302.6389465332031,32.464012145996094
2022-10-24,114.76282501220703,305.9902038574219,32.57547378540039
2022-10-25,115.06289672851562,309.4345397949219,32.872718811035156
2022-10-26,116.38513946533203,312.49725341796875,33.16065979003906
2022-10-27,116.8446273803711,313.88433837890625,33.318572998046875
2022-10-28,118.2325210571289,318.2037048339844,33.60652160644531
2022-10-31,118.04495239257812,320.7078552246094,33.47647476196289
2022-11-01,120.17366790771484,324.4967041015625,33.625099182128906
2022-11-02,119.06712341308594,325.6231384277344,33.522918701171875
2022-11-03,119.28280639648438,324.76666259765625,33.33715057373047
2022-11-04,122.54620361328125,333.1820983886719,34.173133850097656
2022-11-07,123.19325256347656,337.5108337402344,34.37748718261719
2022-11-08,123.26826477050781,338.8699645996094,34.47037124633789
2022-11-09,121.66472625732422,336.9895324707031,33.92233657836914
2022-11-10,126.67231750488281,352.17266845703125,35.41781234741211
2022-11-11,126.87865447998047,358.5587158203125,35.67790603637695
2022-11-14,125.57516479492188,355.94281005859375,35.074134826660156
2022-11-15,124.6655502319336,356.4269104003906,35.018402099609375
2022-11-16,124.8343276977539,355.9149475097656,34.70259475708008
2022-11-17,124.29043579101562,353.5411071777344,34.526100158691406
2022-11-18,125.509521484375,353.0011901855469,34.54467010498047
2022-11-21,124.7686996459961,353.94140625,34.65614700317383
2022-11-22,126.63484954833984,357.3485412597656,34.82334518432617
2022-11-23,127.98519134521484,359.5640869140625,34.93479919433594
2022-11-25,128.22903442382812,361.9937438964844,35.018402099609375
2022-11-28,125.98778533935547,355.94281005859375,34.238155364990234
2022-11-29,128.0602264404297,357.19952392578125,34.368194580078125
2022-11-30,129.57937622070312,361.82843017578125,35.157737731933594
2022-12-01,127.7601318359375,359.6357727050781,34.14868927001953
2022-12-02,126.74738311767578,356.60919189453125,33.70956802368164
2022-12-05,123.19325256347656,348.1386413574219,32.20534133911133
2022-12-06,123.3995590209961,340.05224609375,30.831924438476562
2022-12-07,123.31515502929688,337.2505187988281,30.589004516601562
2022-12-08,124.60928344726562,335.5263977050781,30.308712005615234
2022-12-09,123.93408203125,336.5196533203125,30.252660751342773
2022-12-12,125.85649871826172,340.3052062988281,30.57965660095215
2022-12-13,125.73457336425781,345.4681396484375,30.598342895507812
2022-12-14,125.10628509521484,337.6815185546875,30.15922737121582
2022-12-15,122.00231170654297,327.7960205078125,29.68273162841797
2022-12-16,121.24272918701172,324.5352478027344,29.617332458496094
2022-12-19,121.96477508544922,322.90478515625,29.953678131103516
2022-12-20,122.55561065673828,322.7923278808594,30.075138092041016
2022-12-21,123.93408203125,328.1052551269531,30.532943725585938
2022-12-22,122.52745056152344,323.813720703125,30.26199722290039
2022-12-23,123.10887145996094,323.7481384277344,30.336742401123047
2022-12-27,123.54024505615234,320.43109130859375,30.392799377441406
2022-12-28,124.21540832519531,319.400390625,30.61703872680664
2022-12-29,124.9281005859375,321.79913330078125,30.962722778320312
2022-12-30,125.75333404541016,321.7523193359375,30.944032669067383
2023-01-03,126.70984649658203,324.4134216308594,31.308412551879883
2023-01-04,127.89144134521484,325.8001708984375,31.897024154663086
2023-01-05,127.86310577392578,322.1083984375,31.831619262695312
2023-01-06,130.30984497070312,326.15625,32.149288177490234
2023-01-09,129.7713623046875,330.7663269042969,31.6634464263916
2023-01-10,130.93331909179688,334.8517761230469,31.87833595275879
2023-01-11,131.90634155273438,341.5233154296875,32.12125778198242
2023-01-12,131.77406311035156,346.639404296875,32.20534133911133
2023-01-13,135.099365234375,350.44366455078125,32.91541290283203
2023-01-17,133.01162719726562,327.8803405761719,32.2520637512207
2023-01-18,129.01564025878906,327.10260009765625,31.504621505737305
2023-01-19,127.29625701904297,328.65814208984375,31.04680633544922
2023-01-20,127.60799407958984,320.3092956542969,31.626079559326172
2023-01-23,129.67686462402344,327.1495056152344,32.06520080566406
2023-01-24,130.79159545898438,326.3905029296875,32.29877853393555
2023-01-25,131.42453002929688,327.6086120605469,32.57905960083008
2023-01-26,132.2369842529297,332.6123352050781,33.018192291259766
2023-01-27,132.55816650390625,331.4223327636719,33.12096405029297
2023-01-30,131.4340057373047,334.9454040527344,32.980812072753906
2023-01-31,132.2180938720703,342.76959228515625,33.14898681640625
2023-02-01,131.86854553222656,342.6758117675781,33.56007385253906
2023-02-02,131.25450134277344,346.1990051269531,33.75627899169922
2023-02-03,133.2855682373047,346.64874267578125,34.03656768798828
2023-02-06,134.0696563720703,347.44525146484375,33.98051071166992
2023-02-07,135.70396423339844,350.8185119628906,34.3542366027832
2023-02-08,134.7498321533203,351.4744567871094,34.10197448730469
2023-02-09,132.65264892578125,344.8122253417969,33.37321472167969
2023-02-10,133.2383270263672,347.89501953125,33.24241638183594
2023-02-13,134.6837158203125,350.4624328613281,33.30781173706055
2023-02-14,135.27886962890625,348.3635559082031,33.27978515625
2023-02-15,135.8456573486328,350.76226806640625,33.223731994628906
2023-02-16,133.9752197265625,346.883056640625,32.962135314941406
2023-02-17,134.37196350097656,345.29010009765625,33.027530670166016
2023-02-21,131.90634155273438,338.37493896484375,32.2520637512207
2023-02-22,130.8955078125,338.159423828125,32.03717041015625
2023-02-23,131.9441375732422,340.64251708984375,32.00914001464844
2023-02-24,133.13441467285156,340.9329833984375,31.96242332458496
2023-02-27,134.29638671875,342.5071716308594,31.96242332458496
2023-02-28,135.4205780029297,329.50140380859375,32.0465202331543
2023-03-01,134.66481018066406,326.7457580566406,31.897024154663086
2023-03-02,133.26666259765625,329.4542236328125,31.49266815185547
2023-03-03,135.71340942382812,336.99456787109375,32.12270736694336
2023-03-06,134.91989135742188,336.9568176269531,32.056884765625
2023-03-07,130.9521942138672,326.6041259765625,31.03189468383789
2023-03-08,130.1775665283203,329.633544921875,30.618133544921875
2023-03-09,123.13019561767578,322.83868408203125,28.71860694885254
2023-03-10,126.25711822509766,309.2302551269531,28.46470832824707
2023-03-13,123.98987579345703,297.7544860839844,26.809675216674805
2023-03-14,127.17347717285156,304.0209045410156,27.044761657714844
2023-03-15,121.1652603149414,294.6213684082031,26.790868759155273
2023-03-16,123.51753997802734,297.3581237792969,27.24224090576172
2023-03-17,118.85079193115234,286.4581604003906,26.160825729370117
2023-03-20,120.10722351074219,292.1110534667969,26.095001220703125
2023-03-21,123.32861328125,299.4248962402344,26.88490104675293
2023-03-22,120.14500427246094,296.01812744140625,25.991559982299805
2023-03-23,119.82382202148438,297.13165283203125,25.361520767211914
2023-03-24,118.00057220458984,294.97998046875,25.521381378173828
2023-03-27,121.38255310058594,300.60455322265625,26.790868759155273
2023-03-28,121.75096893310547,300.5196228027344,26.442934036254883
2023-03-29,121.99658203125,302.6712951660156,26.960132598876953
2023-03-30,121.628173828125,303.06768798828125,26.612199783325195
2023-03-31,123.10186004638672,308.7016296386719,26.894306182861328
2023-04-03,122.9601821899414,308.1448974609375,26.88490104675293
2023-04-04,121.31642150878906,304.4927062988281,26.311283111572266
2023-04-05,121.497314453125,303.4356994628906,25.991559982299805
2023-04-06,121.364013671875,304.25677490234375,26.17963218688965
2023-04-10,121.76390075683594,306.67266845703125,26.27366828918457
2023-04-11,122.36372375488281,308.9470520019531,26.99774742126465
2023-04-12,122.34468078613281,311.65557861328125,26.781463623046875
2023-04-13,122.81122589111328,313.439208984375,26.8566951751709
2023-04-14,132.08465576171875,317.9596862792969,27.759441375732422
2023-04-17,133.13197326660156,320.5643005371094,28.558744430541992
2023-04-18,134.6267547607422,315.1190490722656,28.73741340637207
2023-04-19,134.45538330078125,317.9313049316406,28.267229080200195
2023-04-20,134.0650177001953,319.64892578125,28.116777420043945
2023-04-21,133.80795288085938,322.4328918457031,28.088565826416016
2023-04-24,133.98883056640625,324.6034240722656,27.985126495361328
2023-04-25,131.07540893554688,320.3755798339844,27.119991302490234
2023-04-26,128.7523193359375,317.6199035644531,26.743850708007812
2023-04-27,130.485107421875,322.37628173828125,27.167011260986328
2023-04-28,131.6181182861328,324.11273193359375,27.53375244140625
2023-05-01,134.4363555908203,321.4042053222656,27.308069229125977
2023-05-02,132.26553344726562,314.60943603515625,26.480548858642578
2023-05-03,129.4663848876953,310.155029296875,26.198440551757812
2023-05-04,127.69548797607422,303.1809387207031,25.380327224731445
2023-05-05,130.18995666503906,308.6167297363281,26.057388305664062
2023-05-08,130.50418090820312,308.135498046875,26.0385799407959
2023-05-09,129.87579345703125,306.493408203125,26.01036834716797
2023-05-10,129.9424285888672,304.3983154296875,25.690643310546875
2023-05-11,129.5330352783203,302.6712951660156,25.756471633911133
2023-05-12,127.67646026611328,301.51995849609375,25.474365234375
2023-05-15,128.7523193359375,303.94537353515625,26.00096321105957
2023-05-16,127.8858871459961,302.7562255859375,25.72825813293457
2023-05-17,131.8180694580078,311.59893798828125,26.86609649658203
2023-05-18,132.81776428222656,311.0326843261719,26.772058486938477
2023-05-19,132.51309204101562,307.79571533203125,26.433528900146484
2023-05-22,131.4181671142578,306.63494873046875,26.64981460571289
2023-05-23,130.04714965820312,305.36090087890625,26.875497817993164
2023-05-24,128.85704040527344,301.8125305175781,26.42412567138672
2023-05-25,129.1712188720703,305.65350341796875,26.48995018005371
2023-05-26,130.38038635253906,313.3259582519531,26.62160301208496
2023-05-30,130.87550354003906,312.2123107910156,26.5745849609375
2023-05-31,129.2093048095703,307.9998779296875,26.13261604309082
2023-06-01,130.98974609375,300.8680114746094,26.331666946411133
2023-06-02,133.74130249023438,307.7620849609375,27.213180541992188
2023-06-05,132.42742919921875,306.0124816894531,27.05204200744629
2023-06-06,132.66543579101562,310.7574462890625,27.70606803894043
2023-06-07,133.9507598876953,319.2681579589844,27.94303321838379
2023-06-08,133.98883056640625,319.0018615722656,27.70606803894043
2023-06-09,134.2554168701172,319.52484130859375,27.743982315063477
2023-06-12,134.24591064453125,322.82452392578125,27.611284255981445
2023-06-13,135.21705627441406,325.68670654296875,27.867206573486328
2023-06-14,134.71243286132812,321.8070983886719,27.601804733276367
2023-06-15,136.23577880859375,323.0622253417969,27.838769912719727
2023-06-16,136.39764404296875,321.70245361328125,27.668153762817383
2023-06-20,135.70262145996094,314.4850769042969,27.364839553833008
2023-06-21,135.50271606445312,309.1123962402344,27.08047866821289
2023-06-22,132.89393615722656,303.891845703125,26.502281188964844
2023-06-23,132.1989288330078,299.26092529296875,26.30323028564453
2023-06-26,132.5226287841797,297.0263366699219,26.625503540039062
2023-06-27,132.53211975097656,298.0628356933594,26.767684936523438
2023-06-28,131.9513397216797,298.2624816894531,26.60654640197754
2023-06-29,136.55950927734375,307.2295837402344,27.165786743164062
2023-06-30,138.47323608398438,306.70660400390625,27.194225311279297
2023-07-03,139.58718872070312,310.57684326171875,27.67763328552246
2023-07-05,138.6573028564453,304.33880615234375,27.563888549804688
2023-07-06,137.2864532470703,297.6348876953125,26.805599212646484
2023-07-07,138.3697052001953,299.6983947753906,27.042566299438477
2023-07-10,139.14620971679688,300.9345703125,27.165786743164062
2023-07-11,141.32232666015625,305.1280822753906,27.50701904296875
2023-07-12,142.0220947265625,310.3770751953125,27.82929229736328
2023-07-13,142.7123565673828,312.5451965332031,28.123132705688477
2023-07-14,143.5751190185547,310.17742919921875,27.592327117919922
2023-07-17,147.0358123779297,311.1377868652344,27.867206573486328
2023-07-18,147.30421447753906,320.71343994140625,29.099430084228516
2023-07-19,147.8698272705078,323.8324890136719,29.886157989501953
2023-07-20,149.6912078857422,333.6363525390625,30.037817001342773
2023-07-21,148.54086303710938,334.6823425292969,30.31269645690918
2023-07-24,151.46470642089844,341.3102111816406,30.947765350341797
2023-07-25,150.33351135253906,337.2878723144531,30.473833084106445
2023-07-26,151.234619140625,340.0074462890625,30.720279693603516
2023-07-27,149.5666046142578,337.1072082519531,30.28426170349121
2023-07-28,150.41978454589844,335.8901062011719,30.236865997314453
2023-07-31,151.42637634277344,338.40045166015625,30.331653594970703
2023-08-01,150.67861938476562,340.15960693359375,29.971464157104492
2023-08-02,148.97225952148438,333.8645935058594,29.56388282775879
2023-08-03,149.88296508789062,335.823486328125,29.77241325378418
2023-08-04,149.5666046142578,335.8804931640625,29.66814613342285
2023-08-07,150.27598571777344,338.1056823730469,30.21790885925293
2023-08-08,149.43240356445312,331.1640319824219,29.639713287353516
2023-08-09,147.4288330078125,325.8674621582031,29.251087188720703
2023-08-10,147.20835876464844,323.6898498535156,29.32691764831543
2023-08-11,148.06153869628906,324.0036315917969,29.658668518066406
2023-08-14,148.36830139160156,321.160400390625,29.317440032958984
2023-08-15,144.59129333496094,315.90191650390625,28.379056930541992
2023-08-16,143.97775268554688,312.95404052734375,27.762939453125
2023-08-17,142.48228454589844,311.44207763671875,27.753461837768555
2023-08-18,142.80819702148438,308.979248046875,27.592327117919922
2023-08-21,143.297119140625,306.2501525878906,27.63024139404297
2023-08-22,140.3253631591797,303.14068603515625,26.957256317138672
2023-08-23,141.27439880371094,306.5069274902344,26.96673583984375
2023-08-24,141.1401824951172,304.25323486328125,27.127870559692383
2023-08-25,140.9676055908203,304.4339294433594,27.014129638671875
2023-08-28,141.45652770996094,309.96820068359375,27.260570526123047
2023-08-29,142.60690307617188,316.2251892089844,27.64919662475586
2023-08-30,142.03172302246094,315.05535888671875,27.525978088378906
2023-08-31,140.2773895263672,314.2212219238281,27.40172576904297
2023-09-01,140.74713134765625,313.9239807128906,27.698013305664062
2023-09-05,139.1941375732422,310.4242248535156,27.382612228393555
2023-09-06,138.96408081054688,307.9120788574219,27.134113311767578
2023-09-07,137.77537536621094,308.7078857421875,26.8856143951416
2023-09-08,137.88082885742188,312.12139892578125,27.10544204711914
2023-09-11,138.4847412109375,311.28717041015625,27.220130920410156
2023-09-12,140.28697204589844,317.2799377441406,27.688457489013672
2023-09-13,140.35409545898438,321.1920166015625,27.60243797302246
2023-09-14,143.0766143798828,330.38726806640625,27.908283233642578
2023-09-15,142.6548309326172,328.44085693359375,27.564207077026367
2023-09-18,142.95199584960938,329.1887512207031,27.487747192382812
2023-09-19,142.76986694335938,327.81756591796875,27.382612228393555
2023-09-20,142.16590881347656,322.8412170410156,27.28703498840332
2023-09-21,141.05393981933594,316.6470947265625,26.809152603149414
2023-09-22,139.7021942138672,314.3938293457031,26.41728973388672
2023-09-25,140.39244079589844,315.30474853515625,26.379058837890625
2023-09-26,138.935302734375,310.4913330078125,25.96808624267578
2023-09-27,139.75015258789062,308.69830322265625,26.063655853271484
2023-09-28,141.48529052734375,311.8145446777344,26.34082794189453
2023-09-29,139.0216064453125,310.2516174316406,26.168794631958008
2023-10-02,137.82330322265625,305.3902893066406,25.51887321472168
2023-10-03,136.80715942382812,293.5198669433594,24.76382064819336
2023-10-04,137.420654296875,295.8977966308594,24.792491912841797
2023-10-05,138.0000762939453,297.7195739746094,24.907184600830078
2023-10-06,140.1246795654297,299.6181335449219,24.916744232177734
2023-10-09,139.8059844970703,299.7427673339844,25.14612579345703
2023-10-10,140.65577697753906,301.8138122558594,25.815160751342773
2023-10-11,141.13865661621094,300.1358642578125,25.82472038269043
2023-10-12,140.81028747558594,297.0964050292969,25.71002769470215
2023-10-13,142.92520141601562,296.5689697265625,25.576221466064453
2023-10-16,142.78036499023438,301.4494934082031,25.796045303344727
2023-10-17,142.47134399414062,296.62652587890625,26.398176193237305
2023-10-18,140.9069061279297,289.53106689453125,26.10188865661621
2023-10-19,140.30813598632812,286.8751220703125,25.767372131347656
2023-10-20,138.0483856201172,287.6997375488281,25.14612579345703
2023-10-23,136.1652374267578,286.9039001464844,24.438859939575195
2023-10-24,136.3294219970703,286.8655700683594,24.343284606933594
2023-10-25,135.5858154296875,284.545166015625,24.41974639892578
2023-10-26,135.9334716796875,284.76568603515625,24.964529037475586
2023-10-27,131.03732299804688,277.97711181640625,24.05655860900879
2023-10-30,132.70799255371094,288.4476318359375,24.553552627563477
2023-10-31,134.29177856445312,291.1131896972656,25.1747989654541
2023-11-01,134.17588806152344,294.5170593261719,25.23214340209961
2023-11-02,136.5708465576172,300.8454284667969,26.398176193237305
2023-11-03,138.09664916992188,314.1349182128906,27.16278648376465
2023-11-06,139.13963317871094,310.57763671875,27.076765060424805
2023-11-07,139.07203674316406,310.61602783203125,26.914287567138672
2023-11-08,139.75772094726562,311.2008972167969,26.656230926513672
2023-11-09,139.34242248535156,307.57647705078125,26.312156677246094
2023-11-10,141.40904235839844,312.11175537109375,26.455522537231445
2023-11-13,140.78134155273438,313.45416259765625,26.474637985229492
2023-11-14,143.35015869140625,324.7780456542969,27.927396774291992
2023-11-15,144.60557556152344,323.70416259765625,28.30970001220703
2023-11-16,146.2569122314453,322.8124694824219,28.233238220214844
2023-11-17,147.57994079589844,325.22869873046875,28.653776168823242
2023-11-20,148.03382873535156,325.47802734375,28.682449340820312
2023-11-21,147.7248077392578,321.182373046875,28.34793472290039
2023-11-22,148.07247924804688,324.7013244628906,28.319259643554688
2023-11-24,148.27525329589844,325.1903381347656,28.41483497619629
2023-11-27,147.93727111816406,323.8096008300781,28.252355575561523
2023-11-28,148.27525329589844,323.7520446777344,28.223684310913086
2023-11-29,149.02853393554688,328.9337158203125,28.969175338745117
2023-11-30,150.72816467285156,330.17108154296875,29.373804092407227
2023-12-01,151.4621124267578,336.83172607421875,29.826595306396484
2023-12-04,152.5726776123047,337.759765625,29.691722869873047
2023-12-05,152.55337524414062,330.37408447265625,29.460506439208984
2023-12-06,150.95028686523438,330.5867614746094,29.412342071533203
2023-12-07,151.413818359375,333.1485595703125,29.537578582763672
2023-12-08,153.08450317382812,339.1518249511719,29.826595306396484
2023-12-11,153.64463806152344,340.0508728027344,29.720623016357422
2023-12-12,155.01593017578125,340.87255859375,29.61465072631836
2023-12-13,155.53741455078125,350.6557312011719,30.8670597076416
2023-12-14,158.366943359375,370.705322265625,32.69750213623047
2023-12-15,159.56443786621094,367.8438720703125,32.36994934082031
2023-12-18,160.53013610839844,363.87066650390625,32.2061767578125
2023-12-19,162.6739959716797,369.71929931640625,32.28324508666992
2023-12-20,160.83917236328125,364.9533996582031,31.77264976501465
2023-12-21,161.75660705566406,367.9018859863281,31.98459243774414
2023-12-22,161.66001892089844,367.9792175292969,32.2061767578125
2023-12-26,162.6160888671875,368.9072570800781,32.62043380737305
2023-12-27,163.59141540527344,371.6817321777344,32.60116195678711
2023-12-28,164.4605712890625,373.5474853515625,32.63970184326172
2023-12-29,164.26744079589844,372.9287414550781,32.437381744384766
2024-01-02,166.17955017089844,375.37451171875,32.65896987915039
2024-01-03,165.4552764892578,369.081298828125,32.30250930786133
2024-01-04,166.55325317382812,370.2026672363281,32.56262969970703
2024-01-05,167.38890075683594,373.57647705078125,33.16956329345703
2024-01-08,167.1459503173828,375.9159240722656,32.90945053100586
2024-01-09,165.8245086669922,370.9663391113281,32.39885330200195
2024-01-10,166.17430114746094,369.2455749511719,32.36994934082031
2024-01-11,165.47470092773438,367.1091613769531,31.936424255371094
2024-01-12,164.26011657714844,365.1757507324219,31.59923553466797
2024-01-16,163.2301483154297,367.7858581542969,30.94412612915039
2024-01-17,162.3556365966797,364.6247253417969,30.63584327697754
2024-01-18,162.67630004882812,364.3637390136719,30.568408966064453
2024-01-19,165.4844207763672,369.4776306152344,31.040468215942383
2024-01-22,165.29010009765625,373.11248779296875,31.358388900756836
2024-01-23,164.2018280029297,368.09521484375,31.570337295532227
2024-01-24,165.6690216064453,366.7707824707031,31.77264976501465
2024-01-25,168.03990173339844,369.9609680175781,32.16763687133789
2024-01-26,167.39859008789062,365.21441650390625,32.2061767578125
2024-01-29,167.83584594726562,367.8922424316406,32.379581451416016
2024-01-30,171.2755584716797,373.99212646484375,33.516387939453125
2024-01-31,169.41964721679688,371.2273864746094,32.76493835449219
2024-02-01,168.8074951171875,371.0726623535156,32.321781158447266
2024-02-02,169.77915954589844,374.94915771484375,32.24470901489258
2024-02-05,169.55569458007812,370.27032470703125,31.78227996826172
2024-02-06,170.13870239257812,372.1747131347656,31.83045196533203
2024-02-07,170.45933532714844,373.7891845703125,31.96532440185547
2024-02-08,169.84719848632812,372.22308349609375,31.907520294189453
2024-02-09,170.05123901367188,371.46905517578125,31.859352111816406
2024-02-12,170.80914306640625,379.57012939453125,32.389217376708984
2024-02-13,169.32249450683594,366.1424560546875,31.551061630249023
2024-02-14,171.04234313964844,365.4560852050781,31.917158126831055
2024-02-15,174.77354431152344,372.5904235839844,32.8227424621582
2024-02-16,173.95733642578125,371.6430358886719,32.842010498046875
2024-02-20,174.6374969482422,371.7203674316406,32.716766357421875
2024-02-21,175.77435302734375,375.3455505371094,32.46628952026367
2024-02-22,177.88287353515625,377.4722900390625,32.379581451416016
2024-02-23,178.7768096923828,378.03302001953125,32.67823028564453
2024-02-26,178.16464233398438,377.23065185546875,32.379581451416016
2024-02-27,178.25210571289062,377.8009948730469,33.025054931640625
2024-02-28,179.15576171875,382.7856750488281,33.053958892822266
2024-02-29,180.78814697265625,378.76483154296875,33.490535736083984
2024-03-01,180.0399627685547,377.8399658203125,33.32560348510742
2024-03-04,181.3905792236328,381.8802490234375,34.101749420166016
2024-03-05,183.20761108398438,380.57568359375,34.334590911865234
2024-03-06,184.15982055664062,379.2710876464844,34.36369705200195
2024-03-07,182.54685974121094,378.1612243652344,34.56743240356445
2024-03-08,182.886962890625,376.7593078613281,34.538326263427734
2024-03-11,182.9549560546875,375.95123291015625,34.819679260253906
2024-03-12,184.46104431152344,377.9178161621094,34.887596130371094
2024-03-13,185.95741271972656,381.93865966796875,35.00401306152344
2024-03-14,182.64404296875,378.3364562988281,34.625640869140625
2024-03-15,184.90802001953125,376.9734802246094,34.35399627685547
2024-03-18,187.20115661621094,374.2085876464844,34.936100006103516
2024-03-19,188.2991180419922,378.3851318359375,34.955501556396484
2024-03-20,190.7671661376953,385.9886474609375,35.654029846191406
2024-03-21,193.41981506347656,402.7729187011719,36.3913688659668
2024-03-22,191.04893493652344,396.0650634765625,35.94508361816406
2024-03-25,189.29995727539062,394.2347412109375,35.7607536315918
2024-03-26,190.18414306640625,395.4419860839844,35.983890533447266
2024-03-27,193.86679077148438,404.272216796875,36.68242645263672
2024-03-28,194.6246795654297,406.647705078125,36.78914260864258
2024-04-01,193.30320739746094,402.5782165527344,36.40106964111328
2024-04-02,193.22549438476562,399.3070068359375,36.18762969970703
2024-04-03,192.6813507080078,403.05523681640625,36.32345199584961
2024-04-04,191.21533203125,395.5101318359375,35.81896209716797
2024-04-05,192.97454833984375,397.28204345703125,36.003299713134766
2024-04-08,193.981201171875,399.68670654296875,36.38166427612305
2024-04-09,192.68133544921875,399.85223388671875,36.60480499267578
2024-04-10,191.03941345214844,390.165283203125,35.5570182800293
2024-04-11,191.00033569335938,386.9720153808594,35.26596450805664
2024-04-12,178.64683532714844,379.1932373046875,34.7226676940918
2024-04-15,178.74456787109375,390.2821044921875,34.877891540527344
2024-04-16,176.7019500732422,386.36834716796875,33.64576721191406
2024-04-17,175.99826049804688,393.23199462890625,34.179359436035156
2024-04-18,177.1417236328125,392.4531555175781,34.70326232910156
2024-04-19,181.58860778808594,393.3196716308594,35.86747360229492
2024-04-22,185.1167755126953,406.3166809082031,36.60480499267578
2024-04-23,187.78489685058594,412.7908630371094,37.2257194519043
2024-04-24,188.70359802246094,411.85626220703125,37.177215576171875
2024-04-25,188.9870147705078,408.9453125,36.77943801879883
2024-04-26,189.1042938232422,416.2665100097656,36.70182800292969
2024-04-29,188.8990478515625,419.42083740234375,36.43017578125
2024-04-30,187.39398193359375,415.4292297363281,35.906272888183594
2024-05-01,187.51123046875,415.66290283203125,35.84807205200195
2024-05-02,187.31578063964844,421.13433837890625,35.78015899658203
2024-05-03,186.1918487548828,426.59600830078125,36.139122009277344
2024-05-06,187.6480712890625,431.9408874511719,36.56599807739258
2024-05-07,187.40374755859375,432.06744384765625,36.71152877807617
2024-05-08,191.21533203125,435.13421630859375,36.58540344238281
2024-05-09,193.02340698242188,443.51654052734375,37.13840866088867
2024-05-10,194.26463317871094,442.70849609375,37.30333709716797
2024-05-13,194.22552490234375,441.5694580078125,37.070491790771484
2024-05-14,196.9425048828125,446.349609375,37.34214401245117
2024-05-15,197.52891540527344,453.7681579589844,37.74961471557617
2024-05-16,197.88075256347656,452.23968505859375,38.05037307739258
2024-05-17,200.14816284179688,455.35504150390625,38.118289947509766
2024-05-20,191.1469268798828,450.70147705078125,37.66230392456055
2024-05-21,194.9976348876953,457.9739685058594,38.46754837036133
2024-05-22,193.8150634765625,450.1562805175781,38.57426834106445
2024-05-23,192.45655822753906,446.0381164550781,38.001861572265625
2024-05-24,196.16065979003906,448.9880065917969,38.51605224609375
2024-05-28,194.9780731201172,447.6541748046875,38.14738845825195
2024-05-29,193.6195831298828,445.083984375,37.56528091430664
2024-05-30,194.81192016601562,440.9800720214844,37.477970123291016
2024-05-31,198.03712463378906,447.1408386230469,38.79741287231445
2024-06-03,197.24549865722656,445.6324768066406,38.69068908691406
2024-06-04,194.64578247070312,445.94586181640625,38.49665451049805
2024-06-05,192.78884887695312,452.1947937011719,38.7682991027832
2024-06-06,192.44677734375,448.68841552734375,38.51605224609375
2024-06-07,195.4178924560547,445.5639343261719,38.82840347290039
2024-06-10,195.08560180664062,444.2318115234375,38.721031188964844
2024-06-11,189.95458984375,435.1424865722656,37.93041229248047
2024-06-12,187.188720703125,439.48150634765625,38.467254638671875
2024-06-13,189.2704620361328,437.1797790527344,38.32084274291992
2024-06-14,189.3877410888672,437.28753662109375,38.30131912231445
2024-06-17,190.56051635742188,440.9310607910156,38.56486129760742
2024-06-18,192.53472900390625,448.0321044921875,39.033382415771484
2024-06-20,194.16690063476562,448.639404296875,39.033382415771484
2024-06-21,191.85061645507812,440.9310607910156,38.54533767700195
2024-06-24,194.3721466064453,452.59637451171875,39.06266403198242
2024-06-25,193.5804901123047,447.9831237792969,38.43797302246094
2024-06-26,192.95498657226562,446.494384765625,38.06706237792969
2024-06-27,194.65554809570312,436.79779052734375,38.31108474731445
2024-06-28,197.67552185058594,443.0271301269531,38.81864547729492
2024-07-01,200.793212890625,454.1341552734375,39.05289840698242
2024-07-02,204.09658813476562,456.0440979003906,39.95089340209961
2024-07-03,203.9597625732422,458.3066101074219,39.92161178588867
2024-07-05,201.2572021484375,455.2017517089844,39.44333267211914
2024-07-08,201.6306610107422,455.27032470703125,39.6483039855957
2024-07-09,204.0482177734375,463.11572265625,40.429168701171875
2024-07-10,204.21530151367188,469.0512390136719,40.74151611328125
2024-07-11,203.87132263183594,469.3842468261719,40.809844970703125
2024-07-12,201.40463256835938,470.0209045410156,40.59510040283203
2024-07-15,206.42648315429688,482.1171569824219,40.88792419433594
2024-07-16,209.93487548828125,492.6854553222656,43.074344635009766
2024-07-17,213.12881469726562,491.8627624511719,42.92793273925781
2024-07-18,206.35768127441406,476.2208251953125,41.981136322021484
2024-07-19,206.1611328125,474.9671325683594,41.8737678527832
2024-07-22,206.6525115966797,477.0338134765625,41.288124084472656
2024-07-23,206.70166015625,482.0387878417969,41.39548873901367
2024-07-24,204.9916534423828,476.7008056640625,41.180747985839844
2024-07-25,205.0702667236328,481.60784912109375,40.68294906616211
2024-07-26,208.57870483398438,488.7774658203125,40.673187255859375
2024-07-29,207.21267700195312,482.5970764160156,40.10706329345703
2024-07-30,211.47781372070312,495.2810363769531,40.29252243041992
2024-07-31,209.12904357910156,498.5719909667969,39.345726013183594
2024-08-01,204.37254333496094,489.8450927734375,38.55509948730469
2024-08-02,195.70468139648438,460.97076416015625,36.681034088134766
2024-08-05,191.53782653808594,449.5894775390625,35.77328109741211
2024-08-06,196.88397216796875,460.5593566894531,36.03681564331055
2024-08-07,196.94293212890625,463.29205322265625,36.4077262878418
2024-08-08,200.539794921875,475.7898864746094,37.29595947265625
2024-08-09,202.2498016357422,480.1876220703125,37.364288330078125
2024-08-12,202.633056640625,475.52545166015625,37.25691604614258
2024-08-13,204.35289001464844,481.8330993652344,37.53997802734375
2024-08-14,206.6132049560547,488.4542541503906,37.88160705566406
2024-08-15,207.90061950683594,488.7676696777344,38.09634017944336
2024-08-16,210.27886962890625,493.8999938964844,38.398929595947266
2024-08-19,211.7333221435547,494.3114013671875,38.721031188964844
2024-08-20,210.81936645507812,487.1221618652344,37.76447296142578
2024-08-21,210.8979949951172,486.2602844238281,37.82304382324219
2024-08-22,212.89295959472656,487.5237731933594,38.30131912231445
2024-08-23,214.54397583007812,498.9540100097656,38.81864547729492
2024-08-26,215.38914489746094,497.43585205078125,38.965049743652344
2024-08-27,216.3817138671875,496.83837890625,38.721031188964844
2024-08-28,217.4725799560547,492.9891357421875,38.99433898925781
2024-08-29,218.37672424316406,499.6200256347656,39.209068298339844
2024-08-30,220.92202758789062,502.7235412597656,39.77519607543945
2024-09-03,216.49964904785156,480.2697448730469,39.72639465332031
2024-09-04,215.54638671875,483.40283203125,39.53117752075195
2024-09-05,213.875732421875,480.68353271484375,39.17979049682617
2024-09-06,208.79490661621094,472.5354919433594,38.0794563293457
2024-09-09,213.06985473632812,481.36334228515625,38.7769889831543
2024-09-10,202.01393127441406,460.2395935058594,38.59032440185547
2024-09-11,203.6551055908203,464.22003173828125,38.315242767333984
2024-09-12,203.03599548339844,467.0673522949219,38.09910583496094
2024-09-13,200.7953338623047,471.9246520996094,37.97138977050781
2024-09-16,204.27427673339844,478.003662109375,38.413490295410156
2024-09-17,205.64027404785156,478.2302551269531,38.85558319091797
2024-09-18,203.94993591308594,477.4321594238281,38.92435836791992
2024-09-19,206.84906005859375,496.39825439453125,40.152408599853516
2024-09-20,207.44851684570312,491.0779113769531,39.56294250488281
2024-09-23,207.79249572753906,490.0729675292969,39.16996383666992
2024-09-24,207.93991088867188,490.6739196777344,38.75734329223633
2024-09-25,206.56407165527344,483.8954772949219,38.56085205078125
2024-09-26,206.1611328125,489.5901794433594,38.826114654541016
2024-09-27,206.86871337890625,491.15673828125,38.708221435546875
2024-09-30,207.2224884033203,487.806884765625,38.983306884765625
2024-10-01,203.46839904785156,482.9397888183594,38.53137969970703
2024-10-02,203.71408081054688,484.7328796386719,38.541202545166016
2024-10-03,201.6896209716797,478.9298095703125,38.56085205078125
2024-10-04,208.84832763671875,487.8561706542969,39.40575408935547
2024-10-07,208.5615692138672,487.3241271972656,39.25838851928711
2024-10-08,208.38360595703125,489.245361328125,39.228912353515625
2024-10-09,211.02362060546875,497.72833251953125,39.48434829711914
2024-10-10,210.45013427734375,496.2898864746094,39.268211364746094
2024-10-11,219.7940216064453,508.6842956542969,41.21345138549805
2024-10-14,218.9931182861328,515.0391845703125,41.17414855957031
2024-10-15,219.89291381835938,514.6746215820312,41.400108337402344
2024-10-16,221.12887573242188,522.0442504882812,42.04852294921875
2024-10-17,221.9001007080078,521.197021484375,41.85203170776367
2024-10-18,222.8394317626953,520.704345703125,41.57695007324219
2024-10-21,220.4960479736328,510.1621398925781,41.02677917480469
2024-10-22,221.6034698486328,510.6548156738281,41.55730056762695
2024-10-23,220.90145874023438,509.57110595703125,41.59659957885742
2024-10-24,222.4538116455078,516.7633666992188,41.901161193847656
2024-10-25,219.8137969970703,505.03887939453125,41.154502868652344
2024-10-28,222.9679718017578,515.8569946289062,41.87168502807617
2024-10-29,220.3971710205078,516.546630859375,41.78326416015625
2024-10-30,221.8902130126953,516.6649169921875,41.5671272277832
2024-10-31,219.4281768798828,510.1523132324219,41.08572769165039
2024-11-01,220.4367218017578,511.6893310546875,41.02677917480469
2024-11-04,217.31219482421875,503.9255676269531,40.60433578491211
2024-11-05,219.00302124023438,519.1871337890625,41.144676208496094
2024-11-06,244.285888671875,587.18896484375,44.61269760131836
2024-11-07,233.725830078125,573.5826416015625,43.98393630981445
2024-11-08,234.31907653808594,580.568115234375,44.337615966796875
2024-11-11,236.60313415527344,593.4552001953125,45.27093505859375
2024-11-12,236.8701171875,583.8490600585938,45.0547981262207
2024-11-13,238.4521484375,585.4549560546875,45.06461715698242
2024-11-14,239.1541748046875,579.927734375,45.094093322753906
2024-11-15,242.55555725097656,584.7849731445312,45.929168701171875
2024-11-18,242.2786865234375,579.3168334960938,45.899696350097656
2024-11-19,240.3604736328125,572.8043823242188,45.59513854980469
2024-11-20,238.076416015625,573.3462524414062,45.25128936767578
2024-11-21,242.01171875,587.3170776367188,45.644256591796875
2024-11-22,245.75917053222656,593.8887329101562,46.174781799316406
2024-11-25,247.47962951660156,594.1350708007812,46.66600036621094
2024-11-26,247.16322326660156,596.5685424804688,46.9116096496582
2024-11-27,246.9852294921875,596.4996337890625,46.93125915527344
2024-11-29,246.91603088378906,599.59326171875,46.67582321166992
2024-12-02,243.4849853515625,595.7714233398438,46.214080810546875
2024-12-03,242.07106018066406,596.1377563476562,45.99794006347656
2024-12-04,240.6669921875,592.801025390625,45.55583953857422
2024-12-05,242.7236328125,590.9098510742188,46.174781799316406
2024-12-06,244.58251953125,593.7614135742188,46.18465805053711
2024-12-09,241.0723876953125,588.2562866210938,45.35481643676758
2024-12-10,240.133056640625,579.2560424804688,45.19675064086914
2024-12-11,240.7955322265625,586.711669921875,45.522762298583984
2024-12-12,238.81797790527344,585.7710571289062,45.522762298583984
2024-12-13,237.245849609375,579.7015991210938,45.11771774291992
2024-12-16,236.889892578125,580.543212890625,44.92013931274414
2024-12-17,235.68359375,569.0081787109375,44.50521469116211
2024-12-18,227.78329467773438,544.8192749023438,42.973960876464844
2024-12-19,230.34422302246094,548.5223388671875,42.855411529541016
2024-12-20,234.93212890625,560.5128173828125,43.63585662841797
2024-12-23,235.7132568359375,565.1466674804688,43.3592414855957
2024-12-24,239.5892333984375,577.0380859375,43.843318939208984
2024-12-26,240.409912109375,575.4934692382812,44.01126480102539
2024-12-27,238.4620361328125,570.493408203125,43.803802490234375
2024-12-30,236.6328125,567.8892822265625,43.379005432128906
